collection,MDDCollId,n_objects,physical_bytes
cmip6_downscaled_tasmax_complete_crstephenson_2025_09_22_12_03_04_2874,590,1,1268025125604
ardac_chukchi_daily_slie,147,1,599728389120
ardac_chukchi_daily_slie_wcs,512,1,599728389120
big_tile_ardac_chukchi_daily_slie,486,1,599728389120
ardac_beaufort_daily_slie,182,1,491753671200
ardac_beaufort_daily_slie_wcs,526,1,491753671200
tas_2km_projected,207,1,313262259840
tas_2km_projected_wcs,1222,1,313262259840
dot_precip,187,1,305171938800
cmip6_downscaled_tasmax_complete_crstephenson,534,1,229684513600
conus_hydro_segments_doy_mmm_maurer,1149,1,138864499212
conus_hydro_segments_doy_climatology,1217,1,138862039692
conus_hydro_segments_doy_mmm_2025_12_03_09_17_13_3208,1148,1,128945606412
cp_gipl_wms,1277,1,115109064000
cp_test_gipl,1439,1,115109064000
cp_test_gipl_wcs,1247,1,115109064000
crrel_gipl_outputs,369,1,115109064000
crrel_gipl_outputs_nc,1440,1,115109064000
crrel_gipl_outputs_nc_regular_2_test,1542,1,115099928400
crrel_gipl_outputs_nc_regular_1_test,1541,1,114958364800
cmip6_monthly_cf_wcs,1223,1,113096632320
cmip6_monthly_cf_wms,1143,1,113096632320
piak_collab,1537,1,112679424000
cmip6_fwi,565,1,89462390600
conus_hydro_segments_doy_mmm_maurer_projected,1155,1,77367363852
conus_hydro_segments_doy_mmm_maurer_projected_test,1157,1,77367363852
tas_2km_historical,201,1,63202034880
tas_2km_historical_wcs,1221,1,63202034880
cmip6_bui,1259,1,52018435200
cmip6_bui_2026_05_01_10_44_58_2744,1480,1,52018435200
cmip6_dc,1481,1,52018435200
cmip6_dmc,1482,1,52018435200
cmip6_ffmc,1263,1,52018435200
cmip6_ffmc_2026_05_01_10_06_40_3566,1478,1,52018435200
cmip6_fwi_2026_05_01_09_29_49_8758,1477,1,52018435200
cmip6_isi,1479,1,52018435200
conus_hydro_segments_doy_climatology_dynamic_projected,1211,1,41658611916
conus_hydro_segments_doy_climatology_static_projected,1213,1,41658611916
jan_min_max_mean_temp,34,1,40452606900
july_min_max_mean_temp,36,1,40452606900
conus_hydro_segments_doy_mmm_maurer_historical,1153,1,34716124812
conus_hydro_segments_doy_mmm_maurer_historical_test,1156,1,34716124812
cmip6_downscaled_pr_7ModelAvg_ssp126_wcs_v2,1279,1,25586616800
cmip6_downscaled_pr_7ModelAvg_ssp245_wcs_v2,1280,1,25586616800
cmip6_downscaled_pr_7ModelAvg_ssp370_wcs_v2,1281,1,25586616800
cmip6_downscaled_pr_7ModelAvg_ssp585_wcs_v2,1282,1,25586616800
cmip6_downscaled_pr_CESM2_ssp126_wcs_v2,1284,1,25586616800
cmip6_downscaled_pr_CESM2_ssp245_wcs_v2,1285,1,25586616800
cmip6_downscaled_pr_CESM2_ssp370_wcs_v2,1286,1,25586616800
cmip6_downscaled_pr_CESM2_ssp585_wcs_v2,1287,1,25586616800
cmip6_downscaled_pr_CNRM_CM6_1_HR_ssp126_wcs_v2,1417,1,25586616800
cmip6_downscaled_pr_CNRM_CM6_1_HR_ssp585_wcs_v2,1289,1,25586616800
cmip6_downscaled_pr_E3SM_2_0_ssp370_wcs_v2,1291,1,25586616800
cmip6_downscaled_pr_EC_Earth3_Veg_ssp126_wcs_v2,1293,1,25586616800
cmip6_downscaled_pr_EC_Earth3_Veg_ssp370_wcs_v2,1294,1,25586616800
cmip6_downscaled_pr_EC_Earth3_Veg_ssp585_wcs_v2,1295,1,25586616800
cmip6_downscaled_pr_GFDL_ESM4_ssp126_wcs_v2,1297,1,25586616800
cmip6_downscaled_pr_GFDL_ESM4_ssp245_wcs_v2,1298,1,25586616800
cmip6_downscaled_pr_GFDL_ESM4_ssp370_wcs_v2,1299,1,25586616800
cmip6_downscaled_pr_GFDL_ESM4_ssp585_wcs_v2,1300,1,25586616800
cmip6_downscaled_pr_HadGEM3_GC31_LL_ssp126_wcs_v2,1302,1,25586616800
cmip6_downscaled_pr_HadGEM3_GC31_LL_ssp245_wcs_v2,1303,1,25586616800
cmip6_downscaled_pr_HadGEM3_GC31_LL_ssp585_wcs_v2,1304,1,25586616800
cmip6_downscaled_pr_HadGEM3_GC31_MM_ssp126_wcs_v2,1306,1,25586616800
cmip6_downscaled_pr_HadGEM3_GC31_MM_ssp585_wcs_v2,1307,1,25586616800
cmip6_downscaled_pr_KACE_1_0_G_ssp126_wcs_v2,1309,1,25586616800
cmip6_downscaled_pr_KACE_1_0_G_ssp245_wcs_v2,1311,1,25586616800
cmip6_downscaled_pr_KACE_1_0_G_ssp370_wcs_v2,1312,1,25586616800
cmip6_downscaled_pr_KACE_1_0_G_ssp585_wcs_v2,1313,1,25586616800
cmip6_downscaled_pr_MIROC6_ssp126_wcs_v2,1316,1,25586616800
cmip6_downscaled_pr_MIROC6_ssp245_wcs_v2,1416,1,25586616800
cmip6_downscaled_pr_MIROC6_ssp370_wcs_v2,1318,1,25586616800
cmip6_downscaled_pr_MIROC6_ssp585_wcs_v2,1319,1,25586616800
cmip6_downscaled_pr_MPI_ESM1_2_HR_ssp126_wcs_v2,1321,1,25586616800
cmip6_downscaled_pr_MPI_ESM1_2_HR_ssp245_wcs_v2,1322,1,25586616800
cmip6_downscaled_pr_MPI_ESM1_2_HR_ssp370_wcs_v2,1323,1,25586616800
cmip6_downscaled_pr_MPI_ESM1_2_HR_ssp585_wcs_v2,1324,1,25586616800
cmip6_downscaled_pr_MRI_ESM2_0_ssp126_wcs_v2,1419,1,25586616800
cmip6_downscaled_pr_MRI_ESM2_0_ssp245_wcs_v2,1420,1,25586616800
cmip6_downscaled_pr_MRI_ESM2_0_ssp370_wcs_v2,1421,1,25586616800
cmip6_downscaled_pr_MRI_ESM2_0_ssp585_wcs_v2,1422,1,25586616800
cmip6_downscaled_pr_NorESM2_MM_ssp126_wcs_v2,1424,1,25586616800
cmip6_downscaled_pr_NorESM2_MM_ssp245_wcs_v2,1425,1,25586616800
cmip6_downscaled_pr_NorESM2_MM_ssp370_wcs_v2,1426,1,25586616800
cmip6_downscaled_pr_NorESM2_MM_ssp585_wcs_v2,1427,1,25586616800
cmip6_downscaled_pr_TaiESM1_ssp126_wcs_v2,1429,1,25586616800
cmip6_downscaled_pr_TaiESM1_ssp245_wcs_v2,1430,1,25586616800
cmip6_downscaled_pr_TaiESM1_ssp370_wcs_v2,1431,1,25586616800
cmip6_downscaled_pr_TaiESM1_ssp585_wcs_v2,1432,1,25586616800
cmip6_downscaled_tasmax_7ModelAvg_ssp126_wcs_v2,1443,1,25586616800
cmip6_downscaled_tasmax_7ModelAvg_ssp245_wcs_v2,1444,1,25586616800
cmip6_downscaled_tasmax_7ModelAvg_ssp370_wcs_v2,1445,1,25586616800
cmip6_downscaled_tasmax_7ModelAvg_ssp585_wcs_v2,1446,1,25586616800
cmip6_downscaled_tasmax_CNRM_CM6_1_HR_ssp126_wcs_v2,1448,1,25586616800
cmip6_downscaled_tasmax_CNRM_CM6_1_HR_ssp585_wcs_v2,1449,1,25586616800
cmip6_downscaled_tasmax_E3SM_2_0_ssp370_wcs_v2,1451,1,25586616800
cmip6_downscaled_tasmax_EC_Earth3_Veg_ssp370_wcs_v2,1453,1,25586616800
cmip6_downscaled_tasmax_EC_Earth3_Veg_ssp585_wcs_v2,1454,1,25586616800
cmip6_downscaled_tasmax_GFDL_ESM4_ssp126_wcs_v2,1456,1,25586616800
cmip6_downscaled_tasmax_GFDL_ESM4_ssp245_wcs_v2,1457,1,25586616800
cmip6_downscaled_tasmax_GFDL_ESM4_ssp370_wcs_v2,1458,1,25586616800
cmip6_downscaled_tasmax_GFDL_ESM4_ssp585_wcs_v2,1459,1,25586616800
cmip6_downscaled_tasmax_HadGEM3_GC31_LL_ssp126_wcs_v2,1461,1,25586616800
cmip6_downscaled_tasmax_HadGEM3_GC31_LL_ssp245_wcs_v2,1462,1,25586616800
cmip6_downscaled_tasmax_HadGEM3_GC31_LL_ssp585_wcs_v2,1325,1,25586616800
cmip6_downscaled_tasmax_HadGEM3_GC31_MM_ssp126_wcs_v2,1327,1,25586616800
cmip6_downscaled_tasmax_HadGEM3_GC31_MM_ssp585_wcs_v2,1328,1,25586616800
cmip6_downscaled_tasmax_KACE_1_0_G_ssp126_wcs_v2,1332,1,25586616800
cmip6_downscaled_tasmax_KACE_1_0_G_ssp245_wcs_v2,1333,1,25586616800
cmip6_downscaled_tasmax_KACE_1_0_G_ssp370_wcs_v2,1334,1,25586616800
cmip6_downscaled_tasmax_KACE_1_0_G_ssp585_wcs_v2,1335,1,25586616800
cmip6_downscaled_tasmax_MIROC6_ssp126_wcs_v2,1337,1,25586616800
cmip6_downscaled_tasmax_MIROC6_ssp245_wcs_v2,1338,1,25586616800
cmip6_downscaled_tasmax_MIROC6_ssp370_wcs_v2,1339,1,25586616800
cmip6_downscaled_tasmax_MIROC6_ssp585_wcs_v2,1340,1,25586616800
cmip6_downscaled_tasmax_MPI_ESM1_2_HR_ssp126_wcs_v2,1342,1,25586616800
cmip6_downscaled_tasmax_MPI_ESM1_2_HR_ssp245_wcs_v2,1343,1,25586616800
cmip6_downscaled_tasmax_MPI_ESM1_2_HR_ssp370_wcs_v2,1344,1,25586616800
cmip6_downscaled_tasmax_MPI_ESM1_2_HR_ssp585_wcs_v2,1345,1,25586616800
cmip6_downscaled_tasmax_MRI_ESM2_0_ssp126_wcs_v2,1347,1,25586616800
cmip6_downscaled_tasmax_MRI_ESM2_0_ssp245_wcs_v2,1348,1,25586616800
cmip6_downscaled_tasmax_MRI_ESM2_0_ssp370_wcs_v2,1349,1,25586616800
cmip6_downscaled_tasmax_MRI_ESM2_0_ssp585_wcs_v2,1350,1,25586616800
cmip6_downscaled_tasmax_NorESM2_MM_ssp126_wcs_v2,1352,1,25586616800
cmip6_downscaled_tasmax_NorESM2_MM_ssp245_wcs_v2,1353,1,25586616800
cmip6_downscaled_tasmax_NorESM2_MM_ssp370_wcs_v2,1354,1,25586616800
cmip6_downscaled_tasmax_NorESM2_MM_ssp585_wcs_v2,1355,1,25586616800
cmip6_downscaled_tasmax_TaiESM1_ssp126_wcs_v2,1357,1,25586616800
cmip6_downscaled_tasmax_TaiESM1_ssp245_wcs_v2,1358,1,25586616800
cmip6_downscaled_tasmax_TaiESM1_ssp370_wcs_v2,1359,1,25586616800
cmip6_downscaled_tasmax_TaiESM1_ssp585_wcs_v2,1360,1,25586616800
cmip6_downscaled_tasmin_7ModelAvg_ssp126_wcs_v2,1362,1,25586616800
cmip6_downscaled_tasmin_7ModelAvg_ssp245_wcs_v2,1363,1,25586616800
cmip6_downscaled_tasmin_7ModelAvg_ssp370_wcs_v2,1364,1,25586616800
cmip6_downscaled_tasmin_7ModelAvg_ssp585_wcs_v2,1365,1,25586616800
cmip6_downscaled_tasmin_CNRM_CM6_1_HR_ssp126_wcs_v2,1367,1,25586616800
cmip6_downscaled_tasmin_CNRM_CM6_1_HR_ssp585_wcs_v2,1368,1,25586616800
cmip6_downscaled_tasmin_E3SM_2_0_ssp370_wcs_v2,1370,1,25586616800
cmip6_downscaled_tasmin_EC_Earth3_Veg_ssp370_wcs_v2,1372,1,25586616800
cmip6_downscaled_tasmin_EC_Earth3_Veg_ssp585_wcs_v2,1373,1,25586616800
cmip6_downscaled_tasmin_GFDL_ESM4_ssp126_wcs_v2,1375,1,25586616800
cmip6_downscaled_tasmin_GFDL_ESM4_ssp245_wcs_v2,1376,1,25586616800
cmip6_downscaled_tasmin_GFDL_ESM4_ssp370_wcs_v2,1377,1,25586616800
cmip6_downscaled_tasmin_GFDL_ESM4_ssp585_wcs_v2,1378,1,25586616800
cmip6_downscaled_tasmin_HadGEM3_GC31_LL_ssp126_wcs_v2,1380,1,25586616800
cmip6_downscaled_tasmin_HadGEM3_GC31_LL_ssp245_wcs_v2,1381,1,25586616800
cmip6_downscaled_tasmin_HadGEM3_GC31_LL_ssp585_wcs_v2,1382,1,25586616800
cmip6_downscaled_tasmin_HadGEM3_GC31_MM_ssp126_wcs_v2,1384,1,25586616800
cmip6_downscaled_tasmin_HadGEM3_GC31_MM_ssp585_wcs_v2,1385,1,25586616800
cmip6_downscaled_tasmin_KACE_1_0_G_ssp126_wcs_v2,1387,1,25586616800
cmip6_downscaled_tasmin_KACE_1_0_G_ssp245_wcs_v2,1388,1,25586616800
cmip6_downscaled_tasmin_KACE_1_0_G_ssp370_wcs_v2,1389,1,25586616800
cmip6_downscaled_tasmin_KACE_1_0_G_ssp585_wcs_v2,1390,1,25586616800
cmip6_downscaled_tasmin_MIROC6_ssp126_wcs_v2,1392,1,25586616800
cmip6_downscaled_tasmin_MIROC6_ssp245_wcs_v2,1393,1,25586616800
cmip6_downscaled_tasmin_MIROC6_ssp370_wcs_v2,1394,1,25586616800
cmip6_downscaled_tasmin_MIROC6_ssp585_wcs_v2,1395,1,25586616800
cmip6_downscaled_tasmin_MPI_ESM1_2_HR_ssp126_wcs_v2,1397,1,25586616800
cmip6_downscaled_tasmin_MPI_ESM1_2_HR_ssp245_wcs_v2,1398,1,25586616800
cmip6_downscaled_tasmin_MPI_ESM1_2_HR_ssp370_wcs_v2,1399,1,25586616800
cmip6_downscaled_tasmin_MPI_ESM1_2_HR_ssp585_wcs_v2,1400,1,25586616800
cmip6_downscaled_tasmin_MRI_ESM2_0_ssp126_wcs_v2,1402,1,25586616800
cmip6_downscaled_tasmin_MRI_ESM2_0_ssp245_wcs_v2,1403,1,25586616800
cmip6_downscaled_tasmin_MRI_ESM2_0_ssp370_wcs_v2,1404,1,25586616800
cmip6_downscaled_tasmin_MRI_ESM2_0_ssp585_wcs_v2,1405,1,25586616800
cmip6_downscaled_tasmin_NorESM2_MM_ssp126_wcs_v2,1407,1,25586616800
cmip6_downscaled_tasmin_NorESM2_MM_ssp245_wcs_v2,1408,1,25586616800
cmip6_downscaled_tasmin_NorESM2_MM_ssp370_wcs_v2,1409,1,25586616800
cmip6_downscaled_tasmin_NorESM2_MM_ssp585_wcs_v2,1410,1,25586616800
cmip6_downscaled_tasmin_TaiESM1_ssp126_wcs_v2,1412,1,25586616800
cmip6_downscaled_tasmin_TaiESM1_ssp245_wcs_v2,1413,1,25586616800
cmip6_downscaled_tasmin_TaiESM1_ssp370_wcs_v2,1414,1,25586616800
cmip6_downscaled_tasmin_TaiESM1_ssp585_wcs_v2,1415,1,25586616800
conus_hydro_segments_stats_combined,1504,1,20108793600
big_tile_era5_4km_daily_t2_mean,484,1,19011233280
bigger_tile_era5_4km_daily_t2_mean,485,1,19011233280
era5_4km_daily_rainnc_sum,478,1,19011233280
era5_4km_daily_rainnc_sum_wcs,522,1,19011233280
era5_4km_daily_rh2_max_2025_08_12_08_45_23_3669,473,1,19011233280
era5_4km_daily_rh2_max_wcs,517,1,19011233280
era5_4km_daily_rh2_mean,472,1,19011233280
era5_4km_daily_rh2_mean_wcs,516,1,19011233280
era5_4km_daily_rh2_min,474,1,19011233280
era5_4km_daily_rh2_min_wcs,518,1,19011233280
era5_4km_daily_seaice_max,479,1,19011233280
era5_4km_daily_seaice_max_wcs,523,1,19011233280
era5_4km_daily_t2_max,470,1,19011233280
era5_4km_daily_t2_max_wcs,514,1,19011233280
era5_4km_daily_t2_mean,469,1,19011233280
era5_4km_daily_t2_mean_wcs,513,1,19011233280
era5_4km_daily_t2_min,471,1,19011233280
era5_4km_daily_t2_min_wcs,515,1,19011233280
era5_4km_daily_wdir10_mean,477,1,19011233280
era5_4km_daily_wdir10_mean_wcs,521,1,19011233280
era5_4km_daily_wspd10_max,476,1,19011233280
era5_4km_daily_wspd10_max_wcs,520,1,19011233280
era5_4km_daily_wspd10_mean,475,1,19011233280
era5_4km_daily_wspd10_mean_wcs,519,1,19011233280
era5_4km_daily_rh2_max,408,1,17823031200
cmip6_downscaled_pr_7ModelAvg_historical_wcs_v2,1278,1,14875940000
cmip6_downscaled_pr_CESM2_historical_wcs_v2,1283,1,14875940000
cmip6_downscaled_pr_CNRM_CM6_1_HR_historical_wcs_v2,1288,1,14875940000
cmip6_downscaled_pr_E3SM_2_0_historical_wcs_v2,1290,1,14875940000
cmip6_downscaled_pr_EC_Earth3_Veg_historical_wcs_v2,1292,1,14875940000
cmip6_downscaled_pr_GFDL_ESM4_historical_wcs_v2,1296,1,14875940000
cmip6_downscaled_pr_HadGEM3_GC31_LL_historical_wcs_v2,1301,1,14875940000
cmip6_downscaled_pr_HadGEM3_GC31_MM_historical_wcs_v2,1305,1,14875940000
cmip6_downscaled_pr_KACE_1_0_G_historical_wcs_v2,1308,1,14875940000
cmip6_downscaled_pr_MIROC6_historical_wcs_v2,1314,1,14875940000
cmip6_downscaled_pr_MPI_ESM1_2_HR_historical_wcs_v2,1320,1,14875940000
cmip6_downscaled_pr_MRI_ESM2_0_historical_wcs_v2,1418,1,14875940000
cmip6_downscaled_pr_NorESM2_MM_historical_wcs_v2,1423,1,14875940000
cmip6_downscaled_pr_TaiESM1_historical_wcs_v2,1428,1,14875940000
cmip6_downscaled_tasmax_7ModelAvg_historical_wcs_v2,1442,1,14875940000
cmip6_downscaled_tasmax_CNRM_CM6_1_HR_historical_wcs_v2,1447,1,14875940000
cmip6_downscaled_tasmax_E3SM_2_0_historical_wcs_v2,1450,1,14875940000
cmip6_downscaled_tasmax_EC_Earth3_Veg_historical_wcs_v2,1452,1,14875940000
cmip6_downscaled_tasmax_GFDL_ESM4_historical_wcs_v2,1455,1,14875940000
cmip6_downscaled_tasmax_HadGEM3_GC31_LL_historical_wcs_v2,1460,1,14875940000
cmip6_downscaled_tasmax_HadGEM3_GC31_MM_historical_wcs_v2,1326,1,14875940000
cmip6_downscaled_tasmax_KACE_1_0_G_historical_wcs_v2,1330,1,14875940000
cmip6_downscaled_tasmax_MIROC6_historical_wcs_v2,1336,1,14875940000
cmip6_downscaled_tasmax_MPI_ESM1_2_HR_historical_wcs_v2,1341,1,14875940000
cmip6_downscaled_tasmax_MRI_ESM2_0_historical_wcs_v2,1346,1,14875940000
cmip6_downscaled_tasmax_NorESM2_MM_historical_wcs_v2,1351,1,14875940000
cmip6_downscaled_tasmax_TaiESM1_historical_wcs_v2,1356,1,14875940000
cmip6_downscaled_tasmin_7ModelAvg_historical_wcs_v2,1361,1,14875940000
cmip6_downscaled_tasmin_CNRM_CM6_1_HR_historical_wcs_v2,1366,1,14875940000
cmip6_downscaled_tasmin_E3SM_2_0_historical_wcs_v2,1369,1,14875940000
cmip6_downscaled_tasmin_EC_Earth3_Veg_historical_wcs_v2,1371,1,14875940000
cmip6_downscaled_tasmin_GFDL_ESM4_historical_wcs_v2,1374,1,14875940000
cmip6_downscaled_tasmin_HadGEM3_GC31_LL_historical_wcs_v2,1379,1,14875940000
cmip6_downscaled_tasmin_HadGEM3_GC31_MM_historical_wcs_v2,1383,1,14875940000
cmip6_downscaled_tasmin_KACE_1_0_G_historical_wcs_v2,1386,1,14875940000
cmip6_downscaled_tasmin_MIROC6_historical_wcs_v2,1391,1,14875940000
cmip6_downscaled_tasmin_MPI_ESM1_2_HR_historical_wcs_v2,1396,1,14875940000
cmip6_downscaled_tasmin_MRI_ESM2_0_historical_wcs_v2,1401,1,14875940000
cmip6_downscaled_tasmin_NorESM2_MM_historical_wcs_v2,1406,1,14875940000
cmip6_downscaled_tasmin_TaiESM1_historical_wcs_v2,1411,1,14875940000
temperature_anomaly_anomalies_2025_05_19_13_54_47_4707,363,1,14847955200
annual_precip_totals_mm,181,1,14808196000
annual_mean_temp,24,1,13484202300
alfresco_vegetation_type_percentage,198,1,12693240000
hydrology,169,1,12270182400
mean_annual_snowfall_mm,23,1,7062331720
conus_hydro_segments_doy_mmm_maurer_historical_test_2,1158,1,6943224972
conus_hydro_segments_all_stats,1160,1,6576461008
conus_hydro_segmentsi_all_stats,1159,1,6576461008
conus_hydro_segments_stats,1219,1,6576344528
cmip6_indicators_cf_wms,1146,1,6283146240
test_evspsbl_1,830,1,6283146240
test_evspsbl_10,839,1,6283146240
test_evspsbl_11,840,1,6283146240
test_evspsbl_12,841,1,6283146240
test_evspsbl_2,831,1,6283146240
test_evspsbl_3,832,1,6283146240
test_evspsbl_4,833,1,6283146240
test_evspsbl_5,834,1,6283146240
test_evspsbl_6,835,1,6283146240
test_evspsbl_7,836,1,6283146240
test_evspsbl_8,837,1,6283146240
test_evspsbl_9,838,1,6283146240
conus_hydro_segments_maurer,1150,1,5817638584
conus_hydro_segments_crstephenson3,1111,1,5402092984
iem_ar5_2km_taspr_seasonal,189,1,5077961280
conus_hydro_segments_stats_diff,1472,1,3663963472
conus_hydro_segments_doy_climatology_dynamic_historical,1210,1,3471551004
conus_hydro_segments_doy_climatology_static_historical,1212,1,3471551004
conus_hydro_segments_jp,1139,1,2701046492
conus_hydro_segments_jp_test,1162,1,2701046492
conus_hydro_segments_jp_test_2025_12_18_12_59_44_6890,1176,1,2701046492
conus_hydro_segments_jp_test_insitu,1200,1,2701046492
ak_hydro_segments_doy_climatology,1235,1,2111805372
ak_hydro_segments_doy_climatology_2026_07_08_16_07_13_5583,1530,1,2111805372
ak_hydro_segments_doy_climatology_no_spinup,1522,1,2111805372
ak_hydro_segments_doy_wt_climatology,1517,1,2103320028
alfresco_relative_flammability_30yr,197,1,1716960000
alfresco_relative_flammability_30yr_crstephenson,260,1,1716960000
alfresco_relative_flammability_30yr_crstephenson_2025_02_04_10_29_09_5367,295,1,1716960000
alfresco_vegetation_mode_statistic,149,1,1410360000
air_freezing_index_Fdays,171,1,1278144000
air_freezing_index_Fdays_2024_12_02_09_49_46_1264,199,1,1278144000
air_thawing_index_Fdays,200,1,1278144000
degree_days_below_zero_Fdays,186,1,1278144000
heating_degree_days_Fdays,188,1,1278144000
iem_cru_2km_taspr_seasonal,157,1,1221295360
berkeley_earth_25,212,1,1198174208
ardac_chukchi_landfast_sea_ice_mmm,145,1,1134071680
ardac_beaufort_landfast_sea_ice_mmm,220,1,946044000
hsia_arctic_production,211,1,689800320
iem_cru_2km_taspr_seasonal_baseline_stats,190,1,501527040
hydro_dh3_test,95,1,457396160
cmip6_isi_new_description,982,1,442209600
cmip6_isi_no_description,842,1,442209600
cmip6_isi_scratch_description,983,1,442209600
cmip6_isi_test_description,981,1,442209600
ak_hydro_segments_mhit_stats_combined,1529,1,305814452
ak_hydro_segments_mhit_stats_combined_blaskey,1523,1,305814452
ak_hydro_segments_wt_stats,1531,1,252863600
ak_hydro_segments_wt_stats_blaskey,1524,1,252863600
ncar12km_indicators_era_summaries,191,1,84623616
ak_hydro_segments_stats_combined,1486,1,75011092
ak_hydro_segments_stats,1236,1,23079888
mean_annual_dtr,21,1,18469440
temperature_anomaly_baselines_2025_05_19_13_54_21_674,362,1,11831040
wet_days_per_year,203,1,9234720
drought_indicators_30day,1496,1,3881556
cmip6_downscaled_pr_wms_2025_11_03_11_57_04_8211,1098,1,3260480
cmip6_downscaled_pr_wms_2025_11_03_14_15_09_5165,1118,1,3260480
cmip6_downscaled_pr_wms_test,1089,1,3260480
cmip6_downscaled_pr_wms_v2,1463,1,3260480
cmip6_downscaled_pr_wms_v2_2026_03_19_12_29_34_4856,1466,1,3260480
cmip6_downscaled_tasmax_wms,1099,1,3260480
cmip6_downscaled_tasmax_wms_2025_11_03_14_12_25_6557,1116,1,3260480
cmip6_downscaled_tasmax_wms_test,1087,1,3260480
cmip6_downscaled_tasmax_wms_v2,1464,1,3260480
cmip6_downscaled_tasmax_wms_v2_2026_03_19_12_52_15_9385,1467,1,3260480
cmip6_downscaled_tasmin_wms,1100,1,3260480
cmip6_downscaled_tasmin_wms_2025_11_03_14_13_38_1493,1117,1,3260480
cmip6_downscaled_tasmin_wms_test,1088,1,3260480
cmip6_downscaled_tasmin_wms_v2,1465,1,3260480
cmip6_downscaled_tasmin_wms_v2_2026_03_19_12_52_32_4842,1468,1,3260480
beetle_risk,25,1,2233100
cmip6_downscaled_pr_wms,1021,1,1630240
era5_4km_elevation,1441,1,813280
design_freezing_index,29,1,209880
design_thawing_index,30,1,209880
test_nan,312,1,19200
test_nan_nilValue,313,1,19200
conus_hydro_segments_test_exsitu_reg2,1189,1,208
conus_hydro_segments_test_exsitu_reg2_2025_12_19_07_48_30_7967,1190,1,208
conus_hydro_segments_test_exsitu_reg2_2025_12_19_10_13_39_2851,1191,1,208
conus_hydro_segments_test_exsitu_reg2_2025_12_19_10_55_45_9967,1192,1,208
conus_hydro_hrus,93,1,184
test_nan_2025_05_05_11_32_22_1159,305,1,16
test_nan_2025_05_05_11_35_48_5812,306,1,16
test_nan_2025_05_05_11_38_33_2870,307,1,16
test_nan_2025_05_05_11_48_25_1399,308,1,16
test_nan_2025_05_05_12_19_33_3511,309,1,16
conus_hydro_segments_doy_climatology_static_projected_test2,1188,1,12
conus_hydro_segments_doy_mmm,1147,1,12
alfresco_relative_flammability_30yr_crstephenson2,271,1,4
alfresco_relative_flammability_30yr_crstephenson_2025_01_29_22_33_29_8492,261,1,4
alfresco_relative_flammability_30yr_crstephenson_2025_01_29_22_34_21_289,262,1,4
alfresco_relative_flammability_30yr_crstephenson_2025_01_29_22_35_17_8511,263,1,4
alfresco_relative_flammability_30yr_crstephenson_2025_01_29_22_37_05_979,264,1,4
alfresco_relative_flammability_30yr_crstephenson_2025_01_29_22_37_14_1075,265,1,4
alfresco_relative_flammability_30yr_crstephenson_2025_01_29_22_41_18_73,266,1,4
alfresco_relative_flammability_30yr_crstephenson_2025_01_29_22_42_31_7412,267,1,4
alfresco_relative_flammability_30yr_crstephenson_2025_01_29_22_48_19_6962,268,1,4
alfresco_relative_flammability_30yr_crstephenson_2025_01_29_22_49_10_6493,269,1,4
alfresco_relative_flammability_30yr_crstephenson_2025_01_29_23_38_57_8342,270,1,4
alfresco_relative_flammability_30yr_crstephenson_2025_04_15_19_37_51_4479,303,1,4
cmip6_daily_pr_full,539,1,4
cmip6_downscaled_crstephenson,499,1,4
cmip6_downscaled_crstephenson_2025_08_21_18_48_55_3076,500,1,4
cmip6_downscaled_pr_wms_2025_11_03_12_13_02_4211,1101,1,4
cmip6_downscaled_pr_wms_2025_11_03_12_13_23_37,1102,1,4
cmip6_downscaled_tasmax_v2_wms_test,1469,1,4
cmip6_downscaled_tasmax_wms_2025_11_03_12_15_52_6542,1105,1,4
cmip6_downscaled_tasmax_wms_2025_11_03_12_22_58_1935,1106,1,4
cmip6_downscaled_tasmax_wms_2025_11_03_12_29_56_1055,1107,1,4
cmip6_downscaled_tasmax_wms_2025_11_03_12_57_29_3977,1108,1,4
cmip6_downscaled_tasmax_wms_2025_11_03_13_00_46_4264,1109,1,4
cmip6_downscaled_tasmax_wms_2025_11_03_13_02_14_8024,1110,1,4
cmip6_downscaled_tasmax_wms_2025_11_03_13_42_40_4070,1113,1,4
cmip6_fwi_2025_09_18_10_13_04_2755,566,1,4
cmip6_fwi_2025_09_18_10_26_47_1079,567,1,4
cmip6_fwi_2025_09_18_10_56_56_4428,568,1,4
crrel_gipl_outputs_test,289,1,4
temperature_anomaly_anomalies,296,1,4
temperature_anomaly_anomalies_2025_04_15_18_57_28_4022,297,1,4
temperature_anomaly_anomalies_2025_04_15_19_00_35_7060,298,1,4
temperature_anomaly_anomalies_2025_04_15_19_09_25_4754,299,1,4
temperature_anomaly_anomalies_2025_04_15_19_25_00_1352,302,1,4
temperature_anomaly_baselines,301,1,4
wms_optimized_tiled_ardac_chukchi_daily_slie,495,1,2
