coverage_id,collection_checked,pointer_source,verdict,detail,coverage_extents,collection_extents,cell_type,shadow_collection,shadow_kind,shadow_extents,shadow_bytes,shadow_tiles,follow_up
air_freezing_index_Fdays,air_freezing_index_Fdays_2024_12_02_09_49_46_1264,petascopedb,matched,,"10,3,150,224,317","10,3,150,224,317",long,air_freezing_index_Fdays,SHADOW duplicate (same shape as the live array),"10,3,150,224,317",1278144000,333,
air_thawing_index_Fdays,air_thawing_index_Fdays,petascopedb,matched,,"10,3,150,224,317","10,3,150,224,317",long,,,,,,
ak_hydro_segments_doy_climatology,ak_hydro_segments_doy_climatology_2026_07_08_16_07_13_5583,petascopedb,matched,,"7,34346,366,2","7,34346,366,2","doy_min float, doy_mean float, doy_max float",ak_hydro_segments_doy_climatology,SHADOW duplicate (same shape as the live array),"7,34346,366,2",2111866848,34346,
ak_hydro_segments_doy_climatology_no_spinup,ak_hydro_segments_doy_climatology_no_spinup,petascopedb,matched,,"7,34346,366,2","7,34346,366,2","doy_min float, doy_mean float, doy_max float",,,,,,
ak_hydro_segments_doy_wt_climatology,ak_hydro_segments_doy_wt_climatology,petascopedb,matched,,"7,34208,366,2","7,34208,366,2","doy_min float, doy_mean float, doy_max float",,,,,,
ak_hydro_segments_mhit_stats_combined,ak_hydro_segments_mhit_stats_combined,petascopedb,matched,,"7,3,7,34346","7,3,7,34346","ma3 float, ma4 float, ma12 float, ma13 float, ma14 float, ma15 float, ma16 float, ma17 float, ma18 float, ma19 float, ma20 float, ma21 float, ma22 float, ma23 float, ma99 float, mh14 float, mh20 float, ml17 float, spr_mag float, sum_cv float, sum_mag float, dh1 float, dh2 float, dh3 float, dh4 float, dh5 float, dh15 float, dl1 float, dl2 float, dl3 float, dl4 float, dl5 float, dl16 float, lf1 float, spr_dur3 float, spr_dur7 float, sum_dur3 float, sum_dur7 float, fh1 float, fh5 float, fh6 float, fh7 float, fl1 float, fl3 float, spr_freq float, sum_freq float, ra1 float, ra3 float, ra8 float, th1 float, tl1 float, spr_ord float, sum_ord float",,,,,,
ak_hydro_segments_mhit_stats_combined_blaskey,ak_hydro_segments_mhit_stats_combined_blaskey,petascopedb,matched,,"7,3,7,34346","7,3,7,34346","ma3 float, ma4 float, ma12 float, ma13 float, ma14 float, ma15 float, ma16 float, ma17 float, ma18 float, ma19 float, ma20 float, ma21 float, ma22 float, ma23 float, ma99 float, mh14 float, mh20 float, ml17 float, spr_mag float, sum_cv float, sum_mag float, dh1 float, dh2 float, dh3 float, dh4 float, dh5 float, dh15 float, dl1 float, dl2 float, dl3 float, dl4 float, dl5 float, dl16 float, lf1 float, spr_dur3 float, spr_dur7 float, sum_dur3 float, sum_dur7 float, fh1 float, fh5 float, fh6 float, fh7 float, fl1 float, fl3 float, spr_freq float, sum_freq float, ra1 float, ra3 float, ra8 float, th1 float, tl1 float, spr_ord float, sum_ord float",,,,,,
ak_hydro_segments_stats,ak_hydro_segments_stats,petascopedb,matched,,"7,34346,2","7,34346,2","ma12 float, ma13 float, ma14 float, ma15 float, ma16 float, ma17 float, ma18 float, ma19 float, ma20 float, ma21 float, ma22 float, ma23 float",,,,,,
ak_hydro_segments_stats_combined,ak_hydro_segments_stats_combined,petascopedb,matched,,"7,3,7,34346","7,3,7,34346","ma12 float, ma13 float, ma14 float, ma15 float, ma16 float, ma17 float, ma18 float, ma19 float, ma20 float, ma21 float, ma22 float, ma23 float, ma99 float",,,,,,
ak_hydro_segments_wt_stats,ak_hydro_segments_wt_stats,petascopedb,matched,,"7,3,7,34208","7,3,7,34208","wt_days_gt13_mean float, wt_days_gt18_mean float, wt_days_gt20_mean float, wt_mean_jan float, wt_mean_feb float, wt_mean_mar float, wt_mean_apr float, wt_mean_may float, wt_mean_jun float, wt_mean_jul float, wt_mean_aug float, wt_mean_sep float, wt_mean_oct float, wt_mean_nov float, wt_mean_dec float, wt_min_jan float, wt_min_feb float, wt_min_mar float, wt_min_apr float, wt_min_may float, wt_min_jun float, wt_min_jul float, wt_min_aug float, wt_min_sep float, wt_min_oct float, wt_min_nov float, wt_min_dec float, wt_max_jan float, wt_max_feb float, wt_max_mar float, wt_max_apr float, wt_max_may float, wt_max_jun float, wt_max_jul float, wt_max_aug float, wt_max_sep float, wt_max_oct float, wt_max_nov float, wt_max_dec float, wt_ann_max_temp_mean float, wt_ann_max_temp_doy_mean float, wt_7d_max_temp_mean float, wt_7d_max_temp_doy_mean float, wt_cdd_may_sept_mean float",,,,,,
ak_hydro_segments_wt_stats_blaskey,ak_hydro_segments_wt_stats_blaskey,petascopedb,matched,,"7,3,7,34208","7,3,7,34208","wt_days_gt13_mean float, wt_days_gt18_mean float, wt_days_gt20_mean float, wt_mean_jan float, wt_mean_feb float, wt_mean_mar float, wt_mean_apr float, wt_mean_may float, wt_mean_jun float, wt_mean_jul float, wt_mean_aug float, wt_mean_sep float, wt_mean_oct float, wt_mean_nov float, wt_mean_dec float, wt_min_jan float, wt_min_feb float, wt_min_mar float, wt_min_apr float, wt_min_may float, wt_min_jun float, wt_min_jul float, wt_min_aug float, wt_min_sep float, wt_min_oct float, wt_min_nov float, wt_min_dec float, wt_max_jan float, wt_max_feb float, wt_max_mar float, wt_max_apr float, wt_max_may float, wt_max_jun float, wt_max_jul float, wt_max_aug float, wt_max_sep float, wt_max_oct float, wt_max_nov float, wt_max_dec float, wt_ann_max_temp_mean float, wt_ann_max_temp_doy_mean float, wt_7d_max_temp_mean float, wt_7d_max_temp_doy_mean float, wt_cdd_may_sept_mean float",,,,,,
alfresco_relative_flammability_30yr,alfresco_relative_flammability_30yr,petascopedb,matched,,"5,7,4,3650,2100","5,7,4,3650,2100",float,,,,,,
alfresco_vegetation_mode_statistic,alfresco_vegetation_mode_statistic,petascopedb,matched,,"4,6,4,3650,2100","4,6,4,3650,2100",float,,,,,,
alfresco_vegetation_type_percentage,alfresco_vegetation_type_percentage,petascopedb,matched,,"4,6,4,9,3650,2100","4,6,4,9,3650,2100",float,,,,,,
annual_mean_temp,annual_mean_temp,petascopedb,matched,,"7,200,4,1849,999","7,200,4,1849,999",float,,,,,,
annual_precip_totals_mm,annual_precip_totals_mm,petascopedb,matched,,"7,200,4,1880,1079","7,200,4,1880,1079",float,,,,,,
ardac_beaufort_daily_slie,ardac_beaufort_daily_slie,petascopedb,matched,,"7797,3300,9556","7797,3300,9556",short,,,,,,
ardac_beaufort_daily_slie_wcs,ardac_beaufort_daily_slie_wcs,petascopedb,matched,,"7797,3300,9556","7797,3300,9556",short,,,,,,
ardac_beaufort_landfast_sea_ice_mmm,ardac_beaufort_landfast_sea_ice_mmm,petascopedb,matched,,"10,3,9556,3300","10,3,9556,3300",char,,,,,,
ardac_chukchi_daily_slie,ardac_chukchi_daily_slie,petascopedb,matched,,"7668,6272,6235","7668,6272,6235",short,,,,,,
ardac_chukchi_daily_slie_wcs,ardac_chukchi_daily_slie_wcs,petascopedb,matched,,"7668,6272,6235","7668,6272,6235",short,,,,,,
ardac_chukchi_landfast_sea_ice_mmm,ardac_chukchi_landfast_sea_ice_mmm,petascopedb,matched,,"10,3,6235,6272","10,3,6235,6272",char,,,,,,
beetle_risk,beetle_risk,petascopedb,matched,,"4,5,3,2,274,163","4,5,3,2,274,163",char,,,,,,
berkeley_earth_25,berkeley_earth_25,petascopedb,matched,,"2096,308,464","2096,308,464",float,,,,,,
cmip6_bui,cmip6_bui_2026_05_01_10_44_58_2744,petascopedb,matched,,"5,25680,178,569","5,25680,178,569",float,cmip6_bui,SHADOW duplicate (same shape as the live array),"5,25680,178,569",53010998800,13088,
cmip6_dc,cmip6_dc,petascopedb,matched,,"5,25680,178,569","5,25680,178,569",float,,,,,,
cmip6_dmc,cmip6_dmc,petascopedb,matched,,"5,25680,178,569","5,25680,178,569",float,,,,,,
cmip6_downscaled_pr_7ModelAvg_historical_v2_wcs,cmip6_downscaled_pr_7ModelAvg_historical_wcs_v2,petascopedb,matched,,"18250,443,460","18250,443,460",float,,,,,,
cmip6_downscaled_pr_7ModelAvg_ssp126_v2_wcs,cmip6_downscaled_pr_7ModelAvg_ssp126_wcs_v2,petascopedb,matched,,"31390,443,460","31390,443,460",float,,,,,,
cmip6_downscaled_pr_7ModelAvg_ssp245_v2_wcs,cmip6_downscaled_pr_7ModelAvg_ssp245_wcs_v2,petascopedb,matched,,"31390,443,460","31390,443,460",float,,,,,,
cmip6_downscaled_pr_7ModelAvg_ssp370_v2_wcs,cmip6_downscaled_pr_7ModelAvg_ssp370_wcs_v2,petascopedb,matched,,"31390,443,460","31390,443,460",float,,,,,,
cmip6_downscaled_pr_7ModelAvg_ssp585_v2_wcs,cmip6_downscaled_pr_7ModelAvg_ssp585_wcs_v2,petascopedb,matched,,"31390,443,460","31390,443,460",float,,,,,,
cmip6_downscaled_pr_CESM2_historical_v2_wcs,cmip6_downscaled_pr_CESM2_historical_wcs_v2,petascopedb,matched,,"18250,443,460","18250,443,460",float,,,,,,
cmip6_downscaled_pr_CESM2_ssp126_v2_wcs,cmip6_downscaled_pr_CESM2_ssp126_wcs_v2,petascopedb,matched,,"31390,443,460","31390,443,460",float,,,,,,
cmip6_downscaled_pr_CESM2_ssp245_v2_wcs,cmip6_downscaled_pr_CESM2_ssp245_wcs_v2,petascopedb,matched,,"31390,443,460","31390,443,460",float,,,,,,
cmip6_downscaled_pr_CESM2_ssp370_v2_wcs,cmip6_downscaled_pr_CESM2_ssp370_wcs_v2,petascopedb,matched,,"31390,443,460","31390,443,460",float,,,,,,
cmip6_downscaled_pr_CESM2_ssp585_v2_wcs,cmip6_downscaled_pr_CESM2_ssp585_wcs_v2,petascopedb,matched,,"31390,443,460","31390,443,460",float,,,,,,
cmip6_downscaled_pr_CNRM_CM6_1_HR_historical_v2_wcs,cmip6_downscaled_pr_CNRM_CM6_1_HR_historical_wcs_v2,petascopedb,matched,,"18250,443,460","18250,443,460",float,,,,,,
cmip6_downscaled_pr_CNRM_CM6_1_HR_ssp126_v2_wcs,cmip6_downscaled_pr_CNRM_CM6_1_HR_ssp126_wcs_v2,petascopedb,matched,,"31390,443,460","31390,443,460",float,,,,,,
cmip6_downscaled_pr_CNRM_CM6_1_HR_ssp585_v2_wcs,cmip6_downscaled_pr_CNRM_CM6_1_HR_ssp585_wcs_v2,petascopedb,matched,,"31390,443,460","31390,443,460",float,,,,,,
cmip6_downscaled_pr_E3SM_2_0_historical_v2_wcs,cmip6_downscaled_pr_E3SM_2_0_historical_wcs_v2,petascopedb,matched,,"18250,443,460","18250,443,460",float,,,,,,
cmip6_downscaled_pr_E3SM_2_0_ssp370_v2_wcs,cmip6_downscaled_pr_E3SM_2_0_ssp370_wcs_v2,petascopedb,matched,,"31390,443,460","31390,443,460",float,,,,,,
cmip6_downscaled_pr_EC_Earth3_Veg_historical_v2_wcs,cmip6_downscaled_pr_EC_Earth3_Veg_historical_wcs_v2,petascopedb,matched,,"18250,443,460","18250,443,460",float,,,,,,
cmip6_downscaled_pr_EC_Earth3_Veg_ssp126_v2_wcs,cmip6_downscaled_pr_EC_Earth3_Veg_ssp126_wcs_v2,petascopedb,matched,,"31390,443,460","31390,443,460",float,,,,,,
cmip6_downscaled_pr_EC_Earth3_Veg_ssp370_v2_wcs,cmip6_downscaled_pr_EC_Earth3_Veg_ssp370_wcs_v2,petascopedb,matched,,"31390,443,460","31390,443,460",float,,,,,,
cmip6_downscaled_pr_EC_Earth3_Veg_ssp585_v2_wcs,cmip6_downscaled_pr_EC_Earth3_Veg_ssp585_wcs_v2,petascopedb,matched,,"31390,443,460","31390,443,460",float,,,,,,
cmip6_downscaled_pr_GFDL_ESM4_historical_v2_wcs,cmip6_downscaled_pr_GFDL_ESM4_historical_wcs_v2,petascopedb,matched,,"18250,443,460","18250,443,460",float,,,,,,
cmip6_downscaled_pr_GFDL_ESM4_ssp126_v2_wcs,cmip6_downscaled_pr_GFDL_ESM4_ssp126_wcs_v2,petascopedb,matched,,"31390,443,460","31390,443,460",float,,,,,,
cmip6_downscaled_pr_GFDL_ESM4_ssp245_v2_wcs,cmip6_downscaled_pr_GFDL_ESM4_ssp245_wcs_v2,petascopedb,matched,,"31390,443,460","31390,443,460",float,,,,,,
cmip6_downscaled_pr_GFDL_ESM4_ssp370_v2_wcs,cmip6_downscaled_pr_GFDL_ESM4_ssp370_wcs_v2,petascopedb,matched,,"31390,443,460","31390,443,460",float,,,,,,
cmip6_downscaled_pr_GFDL_ESM4_ssp585_v2_wcs,cmip6_downscaled_pr_GFDL_ESM4_ssp585_wcs_v2,petascopedb,matched,,"31390,443,460","31390,443,460",float,,,,,,
cmip6_downscaled_pr_HadGEM3_GC31_LL_historical_v2_wcs,cmip6_downscaled_pr_HadGEM3_GC31_LL_historical_wcs_v2,petascopedb,matched,,"18250,443,460","18250,443,460",float,,,,,,
cmip6_downscaled_pr_HadGEM3_GC31_LL_ssp126_v2_wcs,cmip6_downscaled_pr_HadGEM3_GC31_LL_ssp126_wcs_v2,petascopedb,matched,,"31390,443,460","31390,443,460",float,,,,,,
cmip6_downscaled_pr_HadGEM3_GC31_LL_ssp245_v2_wcs,cmip6_downscaled_pr_HadGEM3_GC31_LL_ssp245_wcs_v2,petascopedb,matched,,"31390,443,460","31390,443,460",float,,,,,,
cmip6_downscaled_pr_HadGEM3_GC31_LL_ssp585_v2_wcs,cmip6_downscaled_pr_HadGEM3_GC31_LL_ssp585_wcs_v2,petascopedb,matched,,"31390,443,460","31390,443,460",float,,,,,,
cmip6_downscaled_pr_HadGEM3_GC31_MM_historical_v2_wcs,cmip6_downscaled_pr_HadGEM3_GC31_MM_historical_wcs_v2,petascopedb,matched,,"18250,443,460","18250,443,460",float,,,,,,
cmip6_downscaled_pr_HadGEM3_GC31_MM_ssp126_v2_wcs,cmip6_downscaled_pr_HadGEM3_GC31_MM_ssp126_wcs_v2,petascopedb,matched,,"31390,443,460","31390,443,460",float,,,,,,
cmip6_downscaled_pr_HadGEM3_GC31_MM_ssp585_v2_wcs,cmip6_downscaled_pr_HadGEM3_GC31_MM_ssp585_wcs_v2,petascopedb,matched,,"31390,443,460","31390,443,460",float,,,,,,
cmip6_downscaled_pr_KACE_1_0_G_historical_v2_wcs,cmip6_downscaled_pr_KACE_1_0_G_historical_wcs_v2,petascopedb,matched,,"18250,443,460","18250,443,460",float,,,,,,
cmip6_downscaled_pr_KACE_1_0_G_ssp126_v2_wcs,cmip6_downscaled_pr_KACE_1_0_G_ssp126_wcs_v2,petascopedb,matched,,"31390,443,460","31390,443,460",float,,,,,,
cmip6_downscaled_pr_KACE_1_0_G_ssp245_v2_wcs,cmip6_downscaled_pr_KACE_1_0_G_ssp245_wcs_v2,petascopedb,matched,,"31390,443,460","31390,443,460",float,,,,,,
cmip6_downscaled_pr_KACE_1_0_G_ssp370_v2_wcs,cmip6_downscaled_pr_KACE_1_0_G_ssp370_wcs_v2,petascopedb,matched,,"31390,443,460","31390,443,460",float,,,,,,
cmip6_downscaled_pr_KACE_1_0_G_ssp585_v2_wcs,cmip6_downscaled_pr_KACE_1_0_G_ssp585_wcs_v2,petascopedb,matched,,"31390,443,460","31390,443,460",float,,,,,,
cmip6_downscaled_pr_MIROC6_historical_v2_wcs,cmip6_downscaled_pr_MIROC6_historical_wcs_v2,petascopedb,matched,,"18250,443,460","18250,443,460",float,,,,,,
cmip6_downscaled_pr_MIROC6_ssp126_v2_wcs,cmip6_downscaled_pr_MIROC6_ssp126_wcs_v2,petascopedb,matched,,"31390,443,460","31390,443,460",float,,,,,,
cmip6_downscaled_pr_MIROC6_ssp245_v2_wcs,cmip6_downscaled_pr_MIROC6_ssp245_wcs_v2,petascopedb,matched,,"31390,443,460","31390,443,460",float,,,,,,
cmip6_downscaled_pr_MIROC6_ssp370_v2_wcs,cmip6_downscaled_pr_MIROC6_ssp370_wcs_v2,petascopedb,matched,,"31390,443,460","31390,443,460",float,,,,,,
cmip6_downscaled_pr_MIROC6_ssp585_v2_wcs,cmip6_downscaled_pr_MIROC6_ssp585_wcs_v2,petascopedb,matched,,"31390,443,460","31390,443,460",float,,,,,,
cmip6_downscaled_pr_MPI_ESM1_2_HR_historical_v2_wcs,cmip6_downscaled_pr_MPI_ESM1_2_HR_historical_wcs_v2,petascopedb,matched,,"18250,443,460","18250,443,460",float,,,,,,
cmip6_downscaled_pr_MPI_ESM1_2_HR_ssp126_v2_wcs,cmip6_downscaled_pr_MPI_ESM1_2_HR_ssp126_wcs_v2,petascopedb,matched,,"31390,443,460","31390,443,460",float,,,,,,
cmip6_downscaled_pr_MPI_ESM1_2_HR_ssp245_v2_wcs,cmip6_downscaled_pr_MPI_ESM1_2_HR_ssp245_wcs_v2,petascopedb,matched,,"31390,443,460","31390,443,460",float,,,,,,
cmip6_downscaled_pr_MPI_ESM1_2_HR_ssp370_v2_wcs,cmip6_downscaled_pr_MPI_ESM1_2_HR_ssp370_wcs_v2,petascopedb,matched,,"31390,443,460","31390,443,460",float,,,,,,
cmip6_downscaled_pr_MPI_ESM1_2_HR_ssp585_v2_wcs,cmip6_downscaled_pr_MPI_ESM1_2_HR_ssp585_wcs_v2,petascopedb,matched,,"31390,443,460","31390,443,460",float,,,,,,
cmip6_downscaled_pr_MRI_ESM2_0_historical_v2_wcs,cmip6_downscaled_pr_MRI_ESM2_0_historical_wcs_v2,petascopedb,matched,,"18250,443,460","18250,443,460",float,,,,,,
cmip6_downscaled_pr_MRI_ESM2_0_ssp126_v2_wcs,cmip6_downscaled_pr_MRI_ESM2_0_ssp126_wcs_v2,petascopedb,matched,,"31390,443,460","31390,443,460",float,,,,,,
cmip6_downscaled_pr_MRI_ESM2_0_ssp245_v2_wcs,cmip6_downscaled_pr_MRI_ESM2_0_ssp245_wcs_v2,petascopedb,matched,,"31390,443,460","31390,443,460",float,,,,,,
cmip6_downscaled_pr_MRI_ESM2_0_ssp370_v2_wcs,cmip6_downscaled_pr_MRI_ESM2_0_ssp370_wcs_v2,petascopedb,matched,,"31390,443,460","31390,443,460",float,,,,,,
cmip6_downscaled_pr_MRI_ESM2_0_ssp585_v2_wcs,cmip6_downscaled_pr_MRI_ESM2_0_ssp585_wcs_v2,petascopedb,matched,,"31390,443,460","31390,443,460",float,,,,,,
cmip6_downscaled_pr_NorESM2_MM_historical_v2_wcs,cmip6_downscaled_pr_NorESM2_MM_historical_wcs_v2,petascopedb,matched,,"18250,443,460","18250,443,460",float,,,,,,
cmip6_downscaled_pr_NorESM2_MM_ssp126_v2_wcs,cmip6_downscaled_pr_NorESM2_MM_ssp126_wcs_v2,petascopedb,matched,,"31390,443,460","31390,443,460",float,,,,,,
cmip6_downscaled_pr_NorESM2_MM_ssp245_v2_wcs,cmip6_downscaled_pr_NorESM2_MM_ssp245_wcs_v2,petascopedb,matched,,"31390,443,460","31390,443,460",float,,,,,,
cmip6_downscaled_pr_NorESM2_MM_ssp370_v2_wcs,cmip6_downscaled_pr_NorESM2_MM_ssp370_wcs_v2,petascopedb,matched,,"31390,443,460","31390,443,460",float,,,,,,
cmip6_downscaled_pr_NorESM2_MM_ssp585_v2_wcs,cmip6_downscaled_pr_NorESM2_MM_ssp585_wcs_v2,petascopedb,matched,,"31390,443,460","31390,443,460",float,,,,,,
cmip6_downscaled_pr_TaiESM1_historical_v2_wcs,cmip6_downscaled_pr_TaiESM1_historical_wcs_v2,petascopedb,matched,,"18250,443,460","18250,443,460",float,,,,,,
cmip6_downscaled_pr_TaiESM1_ssp126_v2_wcs,cmip6_downscaled_pr_TaiESM1_ssp126_wcs_v2,petascopedb,matched,,"31390,443,460","31390,443,460",float,,,,,,
cmip6_downscaled_pr_TaiESM1_ssp245_v2_wcs,cmip6_downscaled_pr_TaiESM1_ssp245_wcs_v2,petascopedb,matched,,"31390,443,460","31390,443,460",float,,,,,,
cmip6_downscaled_pr_TaiESM1_ssp370_v2_wcs,cmip6_downscaled_pr_TaiESM1_ssp370_wcs_v2,petascopedb,matched,,"31390,443,460","31390,443,460",float,,,,,,
cmip6_downscaled_pr_TaiESM1_ssp585_v2_wcs,cmip6_downscaled_pr_TaiESM1_ssp585_wcs_v2,petascopedb,matched,,"31390,443,460","31390,443,460",float,,,,,,
cmip6_downscaled_pr_v2_wms,cmip6_downscaled_pr_wms_v2_2026_03_19_12_29_34_4856,petascopedb,matched,,"2,2,2,443,460","2,2,2,443,460",float,,,,,,
cmip6_downscaled_pr_wms,cmip6_downscaled_pr_wms_2025_11_03_14_15_09_5165,petascopedb,matched,,"2,2,2,443,460","2,2,2,443,460",float,cmip6_downscaled_pr_wms,SHADOW stale (different shape from the live array),"2,2,443,460",1630240,4,
cmip6_downscaled_tasmax_7ModelAvg_historical_v2_wcs,cmip6_downscaled_tasmax_7ModelAvg_historical_wcs_v2,petascopedb,matched,,"18250,443,460","18250,443,460",float,,,,,,
cmip6_downscaled_tasmax_7ModelAvg_ssp126_v2_wcs,cmip6_downscaled_tasmax_7ModelAvg_ssp126_wcs_v2,petascopedb,matched,,"31390,443,460","31390,443,460",float,,,,,,
cmip6_downscaled_tasmax_7ModelAvg_ssp245_v2_wcs,cmip6_downscaled_tasmax_7ModelAvg_ssp245_wcs_v2,petascopedb,matched,,"31390,443,460","31390,443,460",float,,,,,,
cmip6_downscaled_tasmax_7ModelAvg_ssp370_v2_wcs,cmip6_downscaled_tasmax_7ModelAvg_ssp370_wcs_v2,petascopedb,matched,,"31390,443,460","31390,443,460",float,,,,,,
cmip6_downscaled_tasmax_7ModelAvg_ssp585_v2_wcs,cmip6_downscaled_tasmax_7ModelAvg_ssp585_wcs_v2,petascopedb,matched,,"31390,443,460","31390,443,460",float,,,,,,
cmip6_downscaled_tasmax_CNRM_CM6_1_HR_historical_v2_wcs,cmip6_downscaled_tasmax_CNRM_CM6_1_HR_historical_wcs_v2,petascopedb,matched,,"18250,443,460","18250,443,460",float,,,,,,
cmip6_downscaled_tasmax_CNRM_CM6_1_HR_ssp126_v2_wcs,cmip6_downscaled_tasmax_CNRM_CM6_1_HR_ssp126_wcs_v2,petascopedb,matched,,"31390,443,460","31390,443,460",float,,,,,,
cmip6_downscaled_tasmax_CNRM_CM6_1_HR_ssp585_v2_wcs,cmip6_downscaled_tasmax_CNRM_CM6_1_HR_ssp585_wcs_v2,petascopedb,matched,,"31390,443,460","31390,443,460",float,,,,,,
cmip6_downscaled_tasmax_E3SM_2_0_historical_v2_wcs,cmip6_downscaled_tasmax_E3SM_2_0_historical_wcs_v2,petascopedb,matched,,"18250,443,460","18250,443,460",float,,,,,,
cmip6_downscaled_tasmax_E3SM_2_0_ssp370_v2_wcs,cmip6_downscaled_tasmax_E3SM_2_0_ssp370_wcs_v2,petascopedb,matched,,"31390,443,460","31390,443,460",float,,,,,,
cmip6_downscaled_tasmax_EC_Earth3_Veg_historical_v2_wcs,cmip6_downscaled_tasmax_EC_Earth3_Veg_historical_wcs_v2,petascopedb,matched,,"18250,443,460","18250,443,460",float,,,,,,
cmip6_downscaled_tasmax_EC_Earth3_Veg_ssp370_v2_wcs,cmip6_downscaled_tasmax_EC_Earth3_Veg_ssp370_wcs_v2,petascopedb,matched,,"31390,443,460","31390,443,460",float,,,,,,
cmip6_downscaled_tasmax_EC_Earth3_Veg_ssp585_v2_wcs,cmip6_downscaled_tasmax_EC_Earth3_Veg_ssp585_wcs_v2,petascopedb,matched,,"31390,443,460","31390,443,460",float,,,,,,
cmip6_downscaled_tasmax_GFDL_ESM4_historical_v2_wcs,cmip6_downscaled_tasmax_GFDL_ESM4_historical_wcs_v2,petascopedb,matched,,"18250,443,460","18250,443,460",float,,,,,,
cmip6_downscaled_tasmax_GFDL_ESM4_ssp126_v2_wcs,cmip6_downscaled_tasmax_GFDL_ESM4_ssp126_wcs_v2,petascopedb,matched,,"31390,443,460","31390,443,460",float,,,,,,
cmip6_downscaled_tasmax_GFDL_ESM4_ssp245_v2_wcs,cmip6_downscaled_tasmax_GFDL_ESM4_ssp245_wcs_v2,petascopedb,matched,,"31390,443,460","31390,443,460",float,,,,,,
cmip6_downscaled_tasmax_GFDL_ESM4_ssp370_v2_wcs,cmip6_downscaled_tasmax_GFDL_ESM4_ssp370_wcs_v2,petascopedb,matched,,"31390,443,460","31390,443,460",float,,,,,,
cmip6_downscaled_tasmax_GFDL_ESM4_ssp585_v2_wcs,cmip6_downscaled_tasmax_GFDL_ESM4_ssp585_wcs_v2,petascopedb,matched,,"31390,443,460","31390,443,460",float,,,,,,
cmip6_downscaled_tasmax_HadGEM3_GC31_LL_historical_v2_wcs,cmip6_downscaled_tasmax_HadGEM3_GC31_LL_historical_wcs_v2,petascopedb,matched,,"18250,443,460","18250,443,460",float,,,,,,
cmip6_downscaled_tasmax_HadGEM3_GC31_LL_ssp126_v2_wcs,cmip6_downscaled_tasmax_HadGEM3_GC31_LL_ssp126_wcs_v2,petascopedb,matched,,"31390,443,460","31390,443,460",float,,,,,,
cmip6_downscaled_tasmax_HadGEM3_GC31_LL_ssp245_v2_wcs,cmip6_downscaled_tasmax_HadGEM3_GC31_LL_ssp245_wcs_v2,petascopedb,matched,,"31390,443,460","31390,443,460",float,,,,,,
cmip6_downscaled_tasmax_HadGEM3_GC31_LL_ssp585_v2_wcs,cmip6_downscaled_tasmax_HadGEM3_GC31_LL_ssp585_wcs_v2,petascopedb,matched,,"31390,443,460","31390,443,460",float,,,,,,
cmip6_downscaled_tasmax_HadGEM3_GC31_MM_historical_v2_wcs,cmip6_downscaled_tasmax_HadGEM3_GC31_MM_historical_wcs_v2,petascopedb,matched,,"18250,443,460","18250,443,460",float,,,,,,
cmip6_downscaled_tasmax_HadGEM3_GC31_MM_ssp126_v2_wcs,cmip6_downscaled_tasmax_HadGEM3_GC31_MM_ssp126_wcs_v2,petascopedb,matched,,"31390,443,460","31390,443,460",float,,,,,,
cmip6_downscaled_tasmax_HadGEM3_GC31_MM_ssp585_v2_wcs,cmip6_downscaled_tasmax_HadGEM3_GC31_MM_ssp585_wcs_v2,petascopedb,matched,,"31390,443,460","31390,443,460",float,,,,,,
cmip6_downscaled_tasmax_KACE_1_0_G_historical_v2_wcs,cmip6_downscaled_tasmax_KACE_1_0_G_historical_wcs_v2,petascopedb,matched,,"18250,443,460","18250,443,460",float,,,,,,
cmip6_downscaled_tasmax_KACE_1_0_G_ssp126_v2_wcs,cmip6_downscaled_tasmax_KACE_1_0_G_ssp126_wcs_v2,petascopedb,matched,,"31390,443,460","31390,443,460",float,,,,,,
cmip6_downscaled_tasmax_KACE_1_0_G_ssp245_v2_wcs,cmip6_downscaled_tasmax_KACE_1_0_G_ssp245_wcs_v2,petascopedb,matched,,"31390,443,460","31390,443,460",float,,,,,,
cmip6_downscaled_tasmax_KACE_1_0_G_ssp370_v2_wcs,cmip6_downscaled_tasmax_KACE_1_0_G_ssp370_wcs_v2,petascopedb,matched,,"31390,443,460","31390,443,460",float,,,,,,
cmip6_downscaled_tasmax_KACE_1_0_G_ssp585_v2_wcs,cmip6_downscaled_tasmax_KACE_1_0_G_ssp585_wcs_v2,petascopedb,matched,,"31390,443,460","31390,443,460",float,,,,,,
cmip6_downscaled_tasmax_MIROC6_historical_v2_wcs,cmip6_downscaled_tasmax_MIROC6_historical_wcs_v2,petascopedb,matched,,"18250,443,460","18250,443,460",float,,,,,,
cmip6_downscaled_tasmax_MIROC6_ssp126_v2_wcs,cmip6_downscaled_tasmax_MIROC6_ssp126_wcs_v2,petascopedb,matched,,"31390,443,460","31390,443,460",float,,,,,,
cmip6_downscaled_tasmax_MIROC6_ssp245_v2_wcs,cmip6_downscaled_tasmax_MIROC6_ssp245_wcs_v2,petascopedb,matched,,"31390,443,460","31390,443,460",float,,,,,,
cmip6_downscaled_tasmax_MIROC6_ssp370_v2_wcs,cmip6_downscaled_tasmax_MIROC6_ssp370_wcs_v2,petascopedb,matched,,"31390,443,460","31390,443,460",float,,,,,,
cmip6_downscaled_tasmax_MIROC6_ssp585_v2_wcs,cmip6_downscaled_tasmax_MIROC6_ssp585_wcs_v2,petascopedb,matched,,"31390,443,460","31390,443,460",float,,,,,,
cmip6_downscaled_tasmax_MPI_ESM1_2_HR_historical_v2_wcs,cmip6_downscaled_tasmax_MPI_ESM1_2_HR_historical_wcs_v2,petascopedb,matched,,"18250,443,460","18250,443,460",float,,,,,,
cmip6_downscaled_tasmax_MPI_ESM1_2_HR_ssp126_v2_wcs,cmip6_downscaled_tasmax_MPI_ESM1_2_HR_ssp126_wcs_v2,petascopedb,matched,,"31390,443,460","31390,443,460",float,,,,,,
cmip6_downscaled_tasmax_MPI_ESM1_2_HR_ssp245_v2_wcs,cmip6_downscaled_tasmax_MPI_ESM1_2_HR_ssp245_wcs_v2,petascopedb,matched,,"31390,443,460","31390,443,460",float,,,,,,
cmip6_downscaled_tasmax_MPI_ESM1_2_HR_ssp370_v2_wcs,cmip6_downscaled_tasmax_MPI_ESM1_2_HR_ssp370_wcs_v2,petascopedb,matched,,"31390,443,460","31390,443,460",float,,,,,,
cmip6_downscaled_tasmax_MPI_ESM1_2_HR_ssp585_v2_wcs,cmip6_downscaled_tasmax_MPI_ESM1_2_HR_ssp585_wcs_v2,petascopedb,matched,,"31390,443,460","31390,443,460",float,,,,,,
cmip6_downscaled_tasmax_MRI_ESM2_0_historical_v2_wcs,cmip6_downscaled_tasmax_MRI_ESM2_0_historical_wcs_v2,petascopedb,matched,,"18250,443,460","18250,443,460",float,,,,,,
cmip6_downscaled_tasmax_MRI_ESM2_0_ssp126_v2_wcs,cmip6_downscaled_tasmax_MRI_ESM2_0_ssp126_wcs_v2,petascopedb,matched,,"31390,443,460","31390,443,460",float,,,,,,
cmip6_downscaled_tasmax_MRI_ESM2_0_ssp245_v2_wcs,cmip6_downscaled_tasmax_MRI_ESM2_0_ssp245_wcs_v2,petascopedb,matched,,"31390,443,460","31390,443,460",float,,,,,,
cmip6_downscaled_tasmax_MRI_ESM2_0_ssp370_v2_wcs,cmip6_downscaled_tasmax_MRI_ESM2_0_ssp370_wcs_v2,petascopedb,matched,,"31390,443,460","31390,443,460",float,,,,,,
cmip6_downscaled_tasmax_MRI_ESM2_0_ssp585_v2_wcs,cmip6_downscaled_tasmax_MRI_ESM2_0_ssp585_wcs_v2,petascopedb,matched,,"31390,443,460","31390,443,460",float,,,,,,
cmip6_downscaled_tasmax_NorESM2_MM_historical_v2_wcs,cmip6_downscaled_tasmax_NorESM2_MM_historical_wcs_v2,petascopedb,matched,,"18250,443,460","18250,443,460",float,,,,,,
cmip6_downscaled_tasmax_NorESM2_MM_ssp126_v2_wcs,cmip6_downscaled_tasmax_NorESM2_MM_ssp126_wcs_v2,petascopedb,matched,,"31390,443,460","31390,443,460",float,,,,,,
cmip6_downscaled_tasmax_NorESM2_MM_ssp245_v2_wcs,cmip6_downscaled_tasmax_NorESM2_MM_ssp245_wcs_v2,petascopedb,matched,,"31390,443,460","31390,443,460",float,,,,,,
cmip6_downscaled_tasmax_NorESM2_MM_ssp370_v2_wcs,cmip6_downscaled_tasmax_NorESM2_MM_ssp370_wcs_v2,petascopedb,matched,,"31390,443,460","31390,443,460",float,,,,,,
cmip6_downscaled_tasmax_NorESM2_MM_ssp585_v2_wcs,cmip6_downscaled_tasmax_NorESM2_MM_ssp585_wcs_v2,petascopedb,matched,,"31390,443,460","31390,443,460",float,,,,,,
cmip6_downscaled_tasmax_TaiESM1_historical_v2_wcs,cmip6_downscaled_tasmax_TaiESM1_historical_wcs_v2,petascopedb,matched,,"18250,443,460","18250,443,460",float,,,,,,
cmip6_downscaled_tasmax_TaiESM1_ssp126_v2_wcs,cmip6_downscaled_tasmax_TaiESM1_ssp126_wcs_v2,petascopedb,matched,,"31390,443,460","31390,443,460",float,,,,,,
cmip6_downscaled_tasmax_TaiESM1_ssp245_v2_wcs,cmip6_downscaled_tasmax_TaiESM1_ssp245_wcs_v2,petascopedb,matched,,"31390,443,460","31390,443,460",float,,,,,,
cmip6_downscaled_tasmax_TaiESM1_ssp370_v2_wcs,cmip6_downscaled_tasmax_TaiESM1_ssp370_wcs_v2,petascopedb,matched,,"31390,443,460","31390,443,460",float,,,,,,
cmip6_downscaled_tasmax_TaiESM1_ssp585_v2_wcs,cmip6_downscaled_tasmax_TaiESM1_ssp585_wcs_v2,petascopedb,matched,,"31390,443,460","31390,443,460",float,,,,,,
cmip6_downscaled_tasmax_v2_wms,cmip6_downscaled_tasmax_wms_v2_2026_03_19_12_52_15_9385,petascopedb,matched,,"2,2,2,443,460","2,2,2,443,460",float,,,,,,
cmip6_downscaled_tasmax_v2_wms_test,cmip6_downscaled_tasmax_v2_wms_test,petascopedb,matched,,"1,1,1,1,1","1,1,1,1,1",float,,,,,,
cmip6_downscaled_tasmax_wms,cmip6_downscaled_tasmax_wms_2025_11_03_14_12_25_6557,petascopedb,matched,,"2,2,2,443,460","2,2,2,443,460",float,cmip6_downscaled_tasmax_wms,SHADOW duplicate (same shape as the live array),"2,2,2,443,460",3260480,6,
cmip6_downscaled_tasmin_7ModelAvg_historical_v2_wcs,cmip6_downscaled_tasmin_7ModelAvg_historical_wcs_v2,petascopedb,matched,,"18250,443,460","18250,443,460",float,,,,,,
cmip6_downscaled_tasmin_7ModelAvg_ssp126_v2_wcs,cmip6_downscaled_tasmin_7ModelAvg_ssp126_wcs_v2,petascopedb,matched,,"31390,443,460","31390,443,460",float,,,,,,
cmip6_downscaled_tasmin_7ModelAvg_ssp245_v2_wcs,cmip6_downscaled_tasmin_7ModelAvg_ssp245_wcs_v2,petascopedb,matched,,"31390,443,460","31390,443,460",float,,,,,,
cmip6_downscaled_tasmin_7ModelAvg_ssp370_v2_wcs,cmip6_downscaled_tasmin_7ModelAvg_ssp370_wcs_v2,petascopedb,matched,,"31390,443,460","31390,443,460",float,,,,,,
cmip6_downscaled_tasmin_7ModelAvg_ssp585_v2_wcs,cmip6_downscaled_tasmin_7ModelAvg_ssp585_wcs_v2,petascopedb,matched,,"31390,443,460","31390,443,460",float,,,,,,
cmip6_downscaled_tasmin_CNRM_CM6_1_HR_historical_v2_wcs,cmip6_downscaled_tasmin_CNRM_CM6_1_HR_historical_wcs_v2,petascopedb,matched,,"18250,443,460","18250,443,460",float,,,,,,
cmip6_downscaled_tasmin_CNRM_CM6_1_HR_ssp126_v2_wcs,cmip6_downscaled_tasmin_CNRM_CM6_1_HR_ssp126_wcs_v2,petascopedb,matched,,"31390,443,460","31390,443,460",float,,,,,,
cmip6_downscaled_tasmin_CNRM_CM6_1_HR_ssp585_v2_wcs,cmip6_downscaled_tasmin_CNRM_CM6_1_HR_ssp585_wcs_v2,petascopedb,matched,,"31390,443,460","31390,443,460",float,,,,,,
cmip6_downscaled_tasmin_E3SM_2_0_historical_v2_wcs,cmip6_downscaled_tasmin_E3SM_2_0_historical_wcs_v2,petascopedb,matched,,"18250,443,460","18250,443,460",float,,,,,,
cmip6_downscaled_tasmin_E3SM_2_0_ssp370_v2_wcs,cmip6_downscaled_tasmin_E3SM_2_0_ssp370_wcs_v2,petascopedb,matched,,"31390,443,460","31390,443,460",float,,,,,,
cmip6_downscaled_tasmin_EC_Earth3_Veg_historical_v2_wcs,cmip6_downscaled_tasmin_EC_Earth3_Veg_historical_wcs_v2,petascopedb,matched,,"18250,443,460","18250,443,460",float,,,,,,
cmip6_downscaled_tasmin_EC_Earth3_Veg_ssp370_v2_wcs,cmip6_downscaled_tasmin_EC_Earth3_Veg_ssp370_wcs_v2,petascopedb,matched,,"31390,443,460","31390,443,460",float,,,,,,
cmip6_downscaled_tasmin_EC_Earth3_Veg_ssp585_v2_wcs,cmip6_downscaled_tasmin_EC_Earth3_Veg_ssp585_wcs_v2,petascopedb,matched,,"31390,443,460","31390,443,460",float,,,,,,
cmip6_downscaled_tasmin_GFDL_ESM4_historical_v2_wcs,cmip6_downscaled_tasmin_GFDL_ESM4_historical_wcs_v2,petascopedb,matched,,"18250,443,460","18250,443,460",float,,,,,,
cmip6_downscaled_tasmin_GFDL_ESM4_ssp126_v2_wcs,cmip6_downscaled_tasmin_GFDL_ESM4_ssp126_wcs_v2,petascopedb,matched,,"31390,443,460","31390,443,460",float,,,,,,
cmip6_downscaled_tasmin_GFDL_ESM4_ssp245_v2_wcs,cmip6_downscaled_tasmin_GFDL_ESM4_ssp245_wcs_v2,petascopedb,matched,,"31390,443,460","31390,443,460",float,,,,,,
cmip6_downscaled_tasmin_GFDL_ESM4_ssp370_v2_wcs,cmip6_downscaled_tasmin_GFDL_ESM4_ssp370_wcs_v2,petascopedb,matched,,"31390,443,460","31390,443,460",float,,,,,,
cmip6_downscaled_tasmin_GFDL_ESM4_ssp585_v2_wcs,cmip6_downscaled_tasmin_GFDL_ESM4_ssp585_wcs_v2,petascopedb,matched,,"31390,443,460","31390,443,460",float,,,,,,
cmip6_downscaled_tasmin_HadGEM3_GC31_LL_historical_v2_wcs,cmip6_downscaled_tasmin_HadGEM3_GC31_LL_historical_wcs_v2,petascopedb,matched,,"18250,443,460","18250,443,460",float,,,,,,
cmip6_downscaled_tasmin_HadGEM3_GC31_LL_ssp126_v2_wcs,cmip6_downscaled_tasmin_HadGEM3_GC31_LL_ssp126_wcs_v2,petascopedb,matched,,"31390,443,460","31390,443,460",float,,,,,,
cmip6_downscaled_tasmin_HadGEM3_GC31_LL_ssp245_v2_wcs,cmip6_downscaled_tasmin_HadGEM3_GC31_LL_ssp245_wcs_v2,petascopedb,matched,,"31390,443,460","31390,443,460",float,,,,,,
cmip6_downscaled_tasmin_HadGEM3_GC31_LL_ssp585_v2_wcs,cmip6_downscaled_tasmin_HadGEM3_GC31_LL_ssp585_wcs_v2,petascopedb,matched,,"31390,443,460","31390,443,460",float,,,,,,
cmip6_downscaled_tasmin_HadGEM3_GC31_MM_historical_v2_wcs,cmip6_downscaled_tasmin_HadGEM3_GC31_MM_historical_wcs_v2,petascopedb,matched,,"18250,443,460","18250,443,460",float,,,,,,
cmip6_downscaled_tasmin_HadGEM3_GC31_MM_ssp126_v2_wcs,cmip6_downscaled_tasmin_HadGEM3_GC31_MM_ssp126_wcs_v2,petascopedb,matched,,"31390,443,460","31390,443,460",float,,,,,,
cmip6_downscaled_tasmin_HadGEM3_GC31_MM_ssp585_v2_wcs,cmip6_downscaled_tasmin_HadGEM3_GC31_MM_ssp585_wcs_v2,petascopedb,matched,,"31390,443,460","31390,443,460",float,,,,,,
cmip6_downscaled_tasmin_KACE_1_0_G_historical_v2_wcs,cmip6_downscaled_tasmin_KACE_1_0_G_historical_wcs_v2,petascopedb,matched,,"18250,443,460","18250,443,460",float,,,,,,
cmip6_downscaled_tasmin_KACE_1_0_G_ssp126_v2_wcs,cmip6_downscaled_tasmin_KACE_1_0_G_ssp126_wcs_v2,petascopedb,matched,,"31390,443,460","31390,443,460",float,,,,,,
cmip6_downscaled_tasmin_KACE_1_0_G_ssp245_v2_wcs,cmip6_downscaled_tasmin_KACE_1_0_G_ssp245_wcs_v2,petascopedb,matched,,"31390,443,460","31390,443,460",float,,,,,,
cmip6_downscaled_tasmin_KACE_1_0_G_ssp370_v2_wcs,cmip6_downscaled_tasmin_KACE_1_0_G_ssp370_wcs_v2,petascopedb,matched,,"31390,443,460","31390,443,460",float,,,,,,
cmip6_downscaled_tasmin_KACE_1_0_G_ssp585_v2_wcs,cmip6_downscaled_tasmin_KACE_1_0_G_ssp585_wcs_v2,petascopedb,matched,,"31390,443,460","31390,443,460",float,,,,,,
cmip6_downscaled_tasmin_MIROC6_historical_v2_wcs,cmip6_downscaled_tasmin_MIROC6_historical_wcs_v2,petascopedb,matched,,"18250,443,460","18250,443,460",float,,,,,,
cmip6_downscaled_tasmin_MIROC6_ssp126_v2_wcs,cmip6_downscaled_tasmin_MIROC6_ssp126_wcs_v2,petascopedb,matched,,"31390,443,460","31390,443,460",float,,,,,,
cmip6_downscaled_tasmin_MIROC6_ssp245_v2_wcs,cmip6_downscaled_tasmin_MIROC6_ssp245_wcs_v2,petascopedb,matched,,"31390,443,460","31390,443,460",float,,,,,,
cmip6_downscaled_tasmin_MIROC6_ssp370_v2_wcs,cmip6_downscaled_tasmin_MIROC6_ssp370_wcs_v2,petascopedb,matched,,"31390,443,460","31390,443,460",float,,,,,,
cmip6_downscaled_tasmin_MIROC6_ssp585_v2_wcs,cmip6_downscaled_tasmin_MIROC6_ssp585_wcs_v2,petascopedb,matched,,"31390,443,460","31390,443,460",float,,,,,,
cmip6_downscaled_tasmin_MPI_ESM1_2_HR_historical_v2_wcs,cmip6_downscaled_tasmin_MPI_ESM1_2_HR_historical_wcs_v2,petascopedb,matched,,"18250,443,460","18250,443,460",float,,,,,,
cmip6_downscaled_tasmin_MPI_ESM1_2_HR_ssp126_v2_wcs,cmip6_downscaled_tasmin_MPI_ESM1_2_HR_ssp126_wcs_v2,petascopedb,matched,,"31390,443,460","31390,443,460",float,,,,,,
cmip6_downscaled_tasmin_MPI_ESM1_2_HR_ssp245_v2_wcs,cmip6_downscaled_tasmin_MPI_ESM1_2_HR_ssp245_wcs_v2,petascopedb,matched,,"31390,443,460","31390,443,460",float,,,,,,
cmip6_downscaled_tasmin_MPI_ESM1_2_HR_ssp370_v2_wcs,cmip6_downscaled_tasmin_MPI_ESM1_2_HR_ssp370_wcs_v2,petascopedb,matched,,"31390,443,460","31390,443,460",float,,,,,,
cmip6_downscaled_tasmin_MPI_ESM1_2_HR_ssp585_v2_wcs,cmip6_downscaled_tasmin_MPI_ESM1_2_HR_ssp585_wcs_v2,petascopedb,matched,,"31390,443,460","31390,443,460",float,,,,,,
cmip6_downscaled_tasmin_MRI_ESM2_0_historical_v2_wcs,cmip6_downscaled_tasmin_MRI_ESM2_0_historical_wcs_v2,petascopedb,matched,,"18250,443,460","18250,443,460",float,,,,,,
cmip6_downscaled_tasmin_MRI_ESM2_0_ssp126_v2_wcs,cmip6_downscaled_tasmin_MRI_ESM2_0_ssp126_wcs_v2,petascopedb,matched,,"31390,443,460","31390,443,460",float,,,,,,
cmip6_downscaled_tasmin_MRI_ESM2_0_ssp245_v2_wcs,cmip6_downscaled_tasmin_MRI_ESM2_0_ssp245_wcs_v2,petascopedb,matched,,"31390,443,460","31390,443,460",float,,,,,,
cmip6_downscaled_tasmin_MRI_ESM2_0_ssp370_v2_wcs,cmip6_downscaled_tasmin_MRI_ESM2_0_ssp370_wcs_v2,petascopedb,matched,,"31390,443,460","31390,443,460",float,,,,,,
cmip6_downscaled_tasmin_MRI_ESM2_0_ssp585_v2_wcs,cmip6_downscaled_tasmin_MRI_ESM2_0_ssp585_wcs_v2,petascopedb,matched,,"31390,443,460","31390,443,460",float,,,,,,
cmip6_downscaled_tasmin_NorESM2_MM_historical_v2_wcs,cmip6_downscaled_tasmin_NorESM2_MM_historical_wcs_v2,petascopedb,matched,,"18250,443,460","18250,443,460",float,,,,,,
cmip6_downscaled_tasmin_NorESM2_MM_ssp126_v2_wcs,cmip6_downscaled_tasmin_NorESM2_MM_ssp126_wcs_v2,petascopedb,matched,,"31390,443,460","31390,443,460",float,,,,,,
cmip6_downscaled_tasmin_NorESM2_MM_ssp245_v2_wcs,cmip6_downscaled_tasmin_NorESM2_MM_ssp245_wcs_v2,petascopedb,matched,,"31390,443,460","31390,443,460",float,,,,,,
cmip6_downscaled_tasmin_NorESM2_MM_ssp370_v2_wcs,cmip6_downscaled_tasmin_NorESM2_MM_ssp370_wcs_v2,petascopedb,matched,,"31390,443,460","31390,443,460",float,,,,,,
cmip6_downscaled_tasmin_NorESM2_MM_ssp585_v2_wcs,cmip6_downscaled_tasmin_NorESM2_MM_ssp585_wcs_v2,petascopedb,matched,,"31390,443,460","31390,443,460",float,,,,,,
cmip6_downscaled_tasmin_TaiESM1_historical_v2_wcs,cmip6_downscaled_tasmin_TaiESM1_historical_wcs_v2,petascopedb,matched,,"18250,443,460","18250,443,460",float,,,,,,
cmip6_downscaled_tasmin_TaiESM1_ssp126_v2_wcs,cmip6_downscaled_tasmin_TaiESM1_ssp126_wcs_v2,petascopedb,matched,,"31390,443,460","31390,443,460",float,,,,,,
cmip6_downscaled_tasmin_TaiESM1_ssp245_v2_wcs,cmip6_downscaled_tasmin_TaiESM1_ssp245_wcs_v2,petascopedb,matched,,"31390,443,460","31390,443,460",float,,,,,,
cmip6_downscaled_tasmin_TaiESM1_ssp370_v2_wcs,cmip6_downscaled_tasmin_TaiESM1_ssp370_wcs_v2,petascopedb,matched,,"31390,443,460","31390,443,460",float,,,,,,
cmip6_downscaled_tasmin_TaiESM1_ssp585_v2_wcs,cmip6_downscaled_tasmin_TaiESM1_ssp585_wcs_v2,petascopedb,matched,,"31390,443,460","31390,443,460",float,,,,,,
cmip6_downscaled_tasmin_v2_wms,cmip6_downscaled_tasmin_wms_v2_2026_03_19_12_52_32_4842,petascopedb,matched,,"2,2,2,443,460","2,2,2,443,460",float,,,,,,
cmip6_downscaled_tasmin_wms,cmip6_downscaled_tasmin_wms_2025_11_03_14_13_38_1493,petascopedb,matched,,"2,2,2,443,460","2,2,2,443,460",float,cmip6_downscaled_tasmin_wms,SHADOW duplicate (same shape as the live array),"2,2,2,443,460",3260480,6,
cmip6_ffmc,cmip6_ffmc_2026_05_01_10_06_40_3566,petascopedb,matched,,"5,25680,178,569","5,25680,178,569",float,cmip6_ffmc,SHADOW duplicate (same shape as the live array),"5,25680,178,569",53010998800,13088,
cmip6_fwi,cmip6_fwi_2026_05_01_09_29_49_8758,petascopedb,matched,,"5,25680,178,569","5,25680,178,569",float,cmip6_fwi,SHADOW stale (different shape from the live array),"5,44165,178,569",91167979480,22509,
cmip6_indicators_cf_wms,cmip6_indicators_cf_wms,petascopedb,matched,,"14,5,151,288,43","14,5,151,288,43","cd float, cdd long, csdi long, cwd long, dw long, ftc long, hd float, r10mm long, rx1day long, rx5day long, su long, wsdi long",,,,,,
cmip6_isi,cmip6_isi,petascopedb,matched,,"5,25680,178,569","5,25680,178,569",float,,,,,,
cmip6_monthly_cf_wcs,cmip6_monthly_cf_wcs,petascopedb,matched,,"14,5,1812,288,43","14,5,1812,288,43","clt long, evspsbl float, hfls float, hfss float, pr float, prsn float, psl float, rlds float, rsds float, sfcWind float, siconc long, snw float, tas float, tasmax float, tasmin float, ts float, uas float, vas float",,,,,,
cmip6_monthly_cf_wms,cmip6_monthly_cf_wms,petascopedb,matched,,"14,5,1812,288,43","14,5,1812,288,43","clt long, evspsbl float, hfls float, hfss float, pr float, prsn float, psl float, rlds float, rsds float, sfcWind float, siconc long, snw float, tas float, tasmax float, tasmin float, ts float, uas float, vas float",,,,,,
conus_hydro_segments_doy_climatology,conus_hydro_segments_doy_climatology,petascopedb,matched,,"4,366,2,14,5,56460","4,366,2,14,5,56460","doy_min float, doy_mean float, doy_max float",,,,,,
conus_hydro_segments_doy_climatology_dynamic_historical,conus_hydro_segments_doy_climatology_dynamic_historical,petascopedb,matched,,"1,366,1,14,1,56460","1,366,1,14,1,56460","doy_min float, doy_mean float, doy_max float",,,,,,
conus_hydro_segments_doy_climatology_dynamic_projected,conus_hydro_segments_doy_climatology_dynamic_projected,petascopedb,matched,,"3,366,1,14,4,56460","3,366,1,14,4,56460","doy_min float, doy_mean float, doy_max float",,,,,,
conus_hydro_segments_doy_climatology_static_historical,conus_hydro_segments_doy_climatology_static_historical,petascopedb,matched,,"1,366,1,14,1,56460","1,366,1,14,1,56460","doy_min float, doy_mean float, doy_max float",,,,,,
conus_hydro_segments_doy_climatology_static_projected,conus_hydro_segments_doy_climatology_static_projected,petascopedb,matched,,"3,366,1,14,4,56460","3,366,1,14,4,56460","doy_min float, doy_mean float, doy_max float",,,,,,
conus_hydro_segments_jp_test,conus_hydro_segments_jp_test_2025_12_18_12_59_44_6890,petascopedb,matched,,"2,13,5,4,56460","2,13,5,4,56460","dh3 float, dh15 float, dl3 float, dl16 float, fh1 float, fl1 float, fl3 float, ma12 float, ma13 float, ma14 float, ma15 float, ma16 float, ma17 float, ma18 float, ma19 float, ma20 float, ma21 float, ma22 float, ma23 float, ra1 float, ra3 float, th1 float, tl1 float",conus_hydro_segments_jp_test,SHADOW duplicate (same shape as the live array),"2,13,5,4,56460",2701046400,56460,
conus_hydro_segments_jp_test_insitu,conus_hydro_segments_jp_test_insitu,petascopedb,matched,,"2,13,5,4,56460","2,13,5,4,56460","dh3 float, dh15 float, dl3 float, dl16 float, fh1 float, fl1 float, fl3 float, ma12 float, ma13 float, ma14 float, ma15 float, ma16 float, ma17 float, ma18 float, ma19 float, ma20 float, ma21 float, ma22 float, ma23 float, ra1 float, ra3 float, th1 float, tl1 float",,,,,,
conus_hydro_segments_stats,conus_hydro_segments_stats,petascopedb,matched,,"2,14,5,4,56460","2,14,5,4,56460","dh1 float, dh2 float, dh3 float, dh4 float, dh5 float, dh15 float, dl1 float, dl2 float, dl3 float, dl4 float, dl5 float, dl16 float, lf1 float, spr_dur3 float, spr_dur7 float, sum_dur3 float, sum_dur7 float, fh1 float, fh5 float, fh6 float, fh7 float, fl1 float, fl3 float, spr_freq float, sum_freq float, ma3 float, ma4 float, ma12 float, ma13 float, ma14 float, ma15 float, ma16 float, ma17 float, ma18 float, ma19 float, ma20 float, ma21 float, ma22 float, ma23 float, mh14 float, mh20 float, ml17 float, spr_mag float, sum_cv float, sum_mag float, ra1 float, ra3 float, ra8 float, spr_ord float, sum_ord float, th1 float, tl1 float",,,,,,
conus_hydro_segments_stats_combined,conus_hydro_segments_stats_combined,petascopedb,matched,,"3,2,14,5,4,56460","3,2,14,5,4,56460","dh1 float, dh2 float, dh3 float, dh4 float, dh5 float, dh15 float, dl1 float, dl2 float, dl3 float, dl4 float, dl5 float, dl16 float, lf1 float, spr_dur3 float, spr_dur7 float, sum_dur3 float, sum_dur7 float, fh1 float, fh5 float, fh6 float, fh7 float, fl1 float, fl3 float, spr_freq float, sum_freq float, ma3 float, ma4 float, ma12 float, ma13 float, ma14 float, ma15 float, ma16 float, ma17 float, ma18 float, ma19 float, ma20 float, ma21 float, ma22 float, ma23 float, mh14 float, mh20 float, ml17 float, spr_mag float, sum_cv float, sum_mag float, ra1 float, ra3 float, ra8 float, spr_ord float, sum_ord float, th1 float, tl1 float, ma99 float",,,,,,
conus_hydro_segments_stats_diff,conus_hydro_segments_stats_diff,petascopedb,matched,,"2,14,5,4,56460","2,14,5,4,56460","dh1 float, dh2 float, dh3 float, dh4 float, dh5 float, dh15 float, dl1 float, dl2 float, dl3 float, dl4 float, dl5 float, dl16 float, lf1 float, spr_dur3 float, spr_dur7 float, sum_dur3 float, sum_dur7 float, fh1 float, fh5 float, fh6 float, fh7 float, fl1 float, fl3 float, spr_freq float, sum_freq float, ma3 float, ma4 float, ma12 float, ma13 float, ma14 float, ma15 float, ma16 float, ma17 float, ma18 float, ma19 float, ma20 float, ma21 float, ma22 float, ma23 float, mh14 float, mh20 float, ml17 float, spr_mag float, sum_cv float, sum_mag float, ra1 float, ra3 float, ra8 float, spr_ord float, sum_ord float, th1 float, tl1 float",,,,,,
cp_test_gipl,cp_test_gipl,petascopedb,matched,,"100,3,2,1941,2471","100,3,2,1941,2471","magt05m_degC float, magt1m_degC float, magt2m_degC float, magt3m_degC float, magt4m_degC float, magt5m_degC float, magtsurface_degC float, permafrostbase_m float, permafrosttop_m float, talikthickness_m float",,,,,,
crrel_gipl_outputs_nc,crrel_gipl_outputs_nc,petascopedb,matched,,"100,3,2,1941,2471","100,3,2,1941,2471","magt05m_degC float, magt1m_degC float, magt2m_degC float, magt3m_degC float, magt4m_degC float, magt5m_degC float, magtsurface_degC float, permafrostbase_m float, permafrosttop_m float, talikthickness_m float",,,,,,
crrel_gipl_outputs_nc_regular_1_test,crrel_gipl_outputs_nc_regular_1_test,petascopedb,matched,,"100,3,2,2741,3882","100,3,2,2741,3882","magt05m_degC float, magt1m_degC float, magt2m_degC float, magt3m_degC float, magt4m_degC float, magt5m_degC float, magtsurface_degC float, permafrostbase_m float, permafrosttop_m float, talikthickness_m float",,,,,,
crrel_gipl_outputs_nc_regular_2_test,crrel_gipl_outputs_nc_regular_2_test,petascopedb,matched,,"100,3,2,2118,2588","100,3,2,2118,2588","magt05m_degC float, magt1m_degC float, magt2m_degC float, magt3m_degC float, magt4m_degC float, magt5m_degC float, magtsurface_degC float, permafrostbase_m float, permafrosttop_m float, talikthickness_m float",,,,,,
degree_days_below_zero_Fdays,degree_days_below_zero_Fdays,petascopedb,matched,,"10,3,150,224,317","10,3,150,224,317",long,,,,,,
design_freezing_index,design_freezing_index,petascopedb,matched,,"3,3,198,106","3,3,198,106",short,,,,,,
design_thawing_index,design_thawing_index,petascopedb,matched,,"3,3,198,106","3,3,198,106",short,,,,,,
dot_precip,dot_precip,petascopedb,matched,,"9,15,2,3,4110,7639","9,15,2,3,4110,7639","pf float, pf_upper float, pf_lower float",,,,,,
drought_indicators_30day,drought_indicators_30day,petascopedb,matched,,"1,211,511","1,211,511","tp float, pntp float, swe float, pnswe float, spi double, spei double, smd float",,,,,,
era5_4km_daily_rainnc_sum,era5_4km_daily_rainnc_sum,petascopedb,matched,,"23376,460,442","23376,460,442",float,,,,,,
era5_4km_daily_rainnc_sum_wcs,era5_4km_daily_rainnc_sum_wcs,petascopedb,matched,,"23376,460,442","23376,460,442",float,,,,,,
era5_4km_daily_rh2_max,era5_4km_daily_rh2_max_2025_08_12_08_45_23_3669,petascopedb,matched,,"23376,460,442","23376,460,442",float,era5_4km_daily_rh2_max,SHADOW stale (different shape from the live array),"21915,460,442",17823031200,4386,
era5_4km_daily_rh2_max_wcs,era5_4km_daily_rh2_max_wcs,petascopedb,matched,,"23376,460,442","23376,460,442",float,,,,,,
era5_4km_daily_rh2_mean,era5_4km_daily_rh2_mean,petascopedb,matched,,"23376,460,442","23376,460,442",float,,,,,,
era5_4km_daily_rh2_mean_wcs,era5_4km_daily_rh2_mean_wcs,petascopedb,matched,,"23376,460,442","23376,460,442",float,,,,,,
era5_4km_daily_rh2_min,era5_4km_daily_rh2_min,petascopedb,matched,,"23376,460,442","23376,460,442",float,,,,,,
era5_4km_daily_rh2_min_wcs,era5_4km_daily_rh2_min_wcs,petascopedb,matched,,"23376,460,442","23376,460,442",float,,,,,,
era5_4km_daily_seaice_max,era5_4km_daily_seaice_max,petascopedb,matched,,"23376,460,442","23376,460,442",float,,,,,,
era5_4km_daily_seaice_max_wcs,era5_4km_daily_seaice_max_wcs,petascopedb,matched,,"23376,460,442","23376,460,442",float,,,,,,
era5_4km_daily_t2_max,era5_4km_daily_t2_max,petascopedb,matched,,"23376,460,442","23376,460,442",float,,,,,,
era5_4km_daily_t2_max_wcs,era5_4km_daily_t2_max_wcs,petascopedb,matched,,"23376,460,442","23376,460,442",float,,,,,,
era5_4km_daily_t2_mean,era5_4km_daily_t2_mean,petascopedb,matched,,"23376,460,442","23376,460,442",float,,,,,,
era5_4km_daily_t2_mean_wcs,era5_4km_daily_t2_mean_wcs,petascopedb,matched,,"23376,460,442","23376,460,442",float,,,,,,
era5_4km_daily_t2_min,era5_4km_daily_t2_min,petascopedb,matched,,"23376,460,442","23376,460,442",float,,,,,,
era5_4km_daily_t2_min_wcs,era5_4km_daily_t2_min_wcs,petascopedb,matched,,"23376,460,442","23376,460,442",float,,,,,,
era5_4km_daily_wdir10_mean,era5_4km_daily_wdir10_mean,petascopedb,matched,,"23376,460,442","23376,460,442",float,,,,,,
era5_4km_daily_wdir10_mean_wcs,era5_4km_daily_wdir10_mean_wcs,petascopedb,matched,,"23376,460,442","23376,460,442",float,,,,,,
era5_4km_daily_wspd10_max,era5_4km_daily_wspd10_max,petascopedb,matched,,"23376,460,442","23376,460,442",float,,,,,,
era5_4km_daily_wspd10_max_wcs,era5_4km_daily_wspd10_max_wcs,petascopedb,matched,,"23376,460,442","23376,460,442",float,,,,,,
era5_4km_daily_wspd10_mean,era5_4km_daily_wspd10_mean,petascopedb,matched,,"23376,460,442","23376,460,442",float,,,,,,
era5_4km_daily_wspd10_mean_wcs,era5_4km_daily_wspd10_mean_wcs,petascopedb,matched,,"23376,460,442","23376,460,442",float,,,,,,
era5_4km_elevation,era5_4km_elevation,petascopedb,matched,,"460,442","460,442",float,,,,,,
heating_degree_days_Fdays,heating_degree_days_Fdays,petascopedb,matched,,"10,3,150,224,317","10,3,150,224,317",long,,,,,,
hsia_arctic_production,hsia_arctic_production,petascopedb,matched,,"2112,570,573","2112,570,573",char,,,,,,
hydro_dh3_test,hydro_dh3_test,petascopedb,matched,,"2,13,5,4,109951","2,13,5,4,109951",double,,,,,,
hydrology,hydrology,petascopedb,matched,,"10,2,12,15,224,317","10,2,12,15,224,317","evap float, glacier_melt float, iwe float, pcp float, runoff float, sm1 float, sm2 float, sm3 float, snow_melt float, swe float, tmax float, tmin float",,,,,,
iem_ar5_2km_taspr_seasonal,iem_ar5_2km_taspr_seasonal,petascopedb,matched,,"9,4,3,3,2,1995,982","9,4,3,3,2,1995,982",float,,,,,,
iem_cru_2km_taspr_seasonal,iem_cru_2km_taspr_seasonal,petascopedb,matched,,"10,4,2,3218,1186","10,4,2,3218,1186",float,,,,,,
iem_cru_2km_taspr_seasonal_baseline_stats,iem_cru_2km_taspr_seasonal_baseline_stats,petascopedb,matched,,"4,2,8,1995,982","4,2,8,1995,982",float,,,,,,
jan_min_max_mean_temp,jan_min_max_mean_temp,petascopedb,matched,,"3,200,7,4,1849,999","3,200,7,4,1849,999",float,,,,,,
july_min_max_mean_temp,july_min_max_mean_temp,petascopedb,matched,,"3,200,7,4,1849,999","3,200,7,4,1849,999",float,,,,,,
mean_annual_dtr,mean_annual_dtr,petascopedb,matched,,"3,121,198,106","3,121,198,106",float,,,,,,
mean_annual_snowfall_mm,mean_annual_snowfall_mm,petascopedb,matched,,"6,4,19,4762,2557","6,4,19,4762,2557",float,,,,,,
ncar12km_indicators_era_summaries,ncar12km_indicators_era_summaries,petascopedb,matched,,"11,3,3,3,3,318,224","11,3,3,3,3,318,224",float,,,,,,
piak_collab,piak_collab,petascopedb,matched,,"30,3,5,3,1520,2288","30,3,5,3,1520,2288","mean double, delta_pct double, delta_abs double",,,,,,
tas_2km_historical,tas_2km_historical,petascopedb,matched,,"12,115,1186,3218","12,115,1186,3218","tas float, tasmax float, tasmin float",,,,,,
tas_2km_historical_wcs,tas_2km_historical_wcs,petascopedb,matched,,"12,115,1186,3218","12,115,1186,3218","tas float, tasmax float, tasmin float",,,,,,
tas_2km_projected,tas_2km_projected,petascopedb,matched,,"3,2,12,95,1186,3218","3,2,12,95,1186,3218","tas float, tasmax float, tasmin float",,,,,,
tas_2km_projected_wcs,tas_2km_projected_wcs,petascopedb,matched,,"3,2,12,95,1186,3218","3,2,12,95,1186,3218","tas float, tasmax float, tasmin float",,,,,,
temperature_anomaly_anomalies,temperature_anomaly_anomalies_2025_05_19_13_54_47_4707,petascopedb,matched,,"13,5,251,1440,158","13,5,251,1440,158",float,temperature_anomaly_anomalies,SHADOW stale (different shape from the live array),"1,1,1,1,1",4,1,
temperature_anomaly_baselines,temperature_anomaly_baselines_2025_05_19_13_54_21_674,petascopedb,matched,,"13,1440,158","13,1440,158",float,temperature_anomaly_baselines,SHADOW stale (different shape from the live array),"1,1,1",4,1,
wet_days_per_year,wet_days_per_year,petascopedb,matched,,"3,121,198,106","3,121,198,106",short,,,,,,
