coverage_id,tile_no,total_size_bytes,real_data_bytes,gap_bytes,storage_overhead_factor,has_gap,catalogue_disagreement_flag
conus_hydro_segments_stats_combined,1806720,254184726720,20108793600,234075933120,12.640476,True,False
tas_2km_projected_wcs,4265164,2321916734808,313262259840,2008654474968,7.412054,True,True
tas_2km_historical_wcs,276311,238460309112,63202034880,175258274232,3.772985,True,True
cmip6_monthly_cf_wcs,521856,417618188424,113096632320,304521556104,3.692578,True,True
cmip6_bui,266724,175877480096,52018435200,123859044896,3.381061,True,False
cmip6_dc,266724,175877480096,52018435200,123859044896,3.381061,True,False
cmip6_dmc,266724,175877480096,52018435200,123859044896,3.381061,True,False
cmip6_ffmc,266724,175877480096,52018435200,123859044896,3.381061,True,False
cmip6_fwi,266724,175877480096,52018435200,123859044896,3.381061,True,False
cmip6_isi,266724,175877480096,52018435200,123859044896,3.381061,True,False
ardac_beaufort_daily_slie_wcs,1663449,955960052256,491753671200,464206381056,1.943982,True,True
ardac_chukchi_daily_slie_wcs,2044043,1160230866688,599728389120,560502477568,1.934594,True,True
iem_ar5_2km_taspr_seasonal,43436,8289576312,5077961280,3211615032,1.632462,True,False
iem_cru_2km_taspr_seasonal,8276,1896972528,1221295360,675677168,1.553246,True,False
era5_4km_daily_rainnc_sum_wcs,7642,25137368160,19011233280,6126134880,1.322238,True,True
era5_4km_daily_rh2_max_wcs,7642,25137368160,19011233280,6126134880,1.322238,True,True
era5_4km_daily_rh2_mean_wcs,7642,25137368160,19011233280,6126134880,1.322238,True,True
era5_4km_daily_rh2_min_wcs,7642,25137368160,19011233280,6126134880,1.322238,True,True
era5_4km_daily_seaice_max_wcs,7642,25137368160,19011233280,6126134880,1.322238,True,True
era5_4km_daily_t2_max_wcs,7642,25137368160,19011233280,6126134880,1.322238,True,True
era5_4km_daily_t2_mean_wcs,7642,25137368160,19011233280,6126134880,1.322238,True,True
era5_4km_daily_t2_min_wcs,7642,25137368160,19011233280,6126134880,1.322238,True,True
era5_4km_daily_wdir10_mean_wcs,7642,25137368160,19011233280,6126134880,1.322238,True,True
era5_4km_daily_wspd10_max_wcs,7642,25137368160,19011233280,6126134880,1.322238,True,True
era5_4km_daily_wspd10_mean_wcs,7642,25137368160,19011233280,6126134880,1.322238,True,True
dot_precip,97202,334835713200,305171938800,29663774400,1.097203,True,True
cmip6_indicators_cf_wms,1616,6586900992,6283146240,303754752,1.048344,True,True
cp_test_gipl,29109,118874274960,115109064000,3765210960,1.03271,True,True
crrel_gipl_outputs_nc,29109,118874274960,115109064000,3765210960,1.03271,True,True
temperature_anomaly_anomalies,4227,15317556480,14847955200,469601280,1.031627,True,True
cmip6_monthly_cf_wms,32612,116302998528,113096632320,3206366208,1.028351,True,True
iem_cru_2km_taspr_seasonal_baseline_stats,2735,513784704,501527040,12257664,1.024441,True,False
cmip6_downscaled_pr_7ModelAvg_ssp126_v2_wcs,1956,25811787744,25586616800,225170944,1.0088,True,False
cmip6_downscaled_pr_7ModelAvg_ssp245_v2_wcs,1956,25811787744,25586616800,225170944,1.0088,True,False
cmip6_downscaled_pr_7ModelAvg_ssp370_v2_wcs,1956,25811787744,25586616800,225170944,1.0088,True,False
cmip6_downscaled_pr_7ModelAvg_ssp585_v2_wcs,1956,25811787744,25586616800,225170944,1.0088,True,False
cmip6_downscaled_pr_CESM2_ssp126_v2_wcs,1956,25811787744,25586616800,225170944,1.0088,True,False
cmip6_downscaled_pr_CESM2_ssp245_v2_wcs,1956,25811787744,25586616800,225170944,1.0088,True,False
cmip6_downscaled_pr_CESM2_ssp370_v2_wcs,1956,25811787744,25586616800,225170944,1.0088,True,False
cmip6_downscaled_pr_CESM2_ssp585_v2_wcs,1956,25811787744,25586616800,225170944,1.0088,True,False
cmip6_downscaled_pr_CNRM_CM6_1_HR_ssp126_v2_wcs,1956,25811787744,25586616800,225170944,1.0088,True,False
cmip6_downscaled_pr_CNRM_CM6_1_HR_ssp585_v2_wcs,1956,25811787744,25586616800,225170944,1.0088,True,False
cmip6_downscaled_pr_E3SM_2_0_ssp370_v2_wcs,1956,25811787744,25586616800,225170944,1.0088,True,False
cmip6_downscaled_pr_EC_Earth3_Veg_ssp126_v2_wcs,1956,25811787744,25586616800,225170944,1.0088,True,False
cmip6_downscaled_pr_EC_Earth3_Veg_ssp370_v2_wcs,1956,25811787744,25586616800,225170944,1.0088,True,False
cmip6_downscaled_pr_EC_Earth3_Veg_ssp585_v2_wcs,1956,25811787744,25586616800,225170944,1.0088,True,False
cmip6_downscaled_pr_GFDL_ESM4_ssp126_v2_wcs,1956,25811787744,25586616800,225170944,1.0088,True,False
cmip6_downscaled_pr_GFDL_ESM4_ssp245_v2_wcs,1956,25811787744,25586616800,225170944,1.0088,True,False
cmip6_downscaled_pr_GFDL_ESM4_ssp370_v2_wcs,1956,25811787744,25586616800,225170944,1.0088,True,False
cmip6_downscaled_pr_GFDL_ESM4_ssp585_v2_wcs,1956,25811787744,25586616800,225170944,1.0088,True,False
cmip6_downscaled_pr_HadGEM3_GC31_LL_ssp126_v2_wcs,1956,25811787744,25586616800,225170944,1.0088,True,False
cmip6_downscaled_pr_HadGEM3_GC31_LL_ssp245_v2_wcs,1956,25811787744,25586616800,225170944,1.0088,True,False
cmip6_downscaled_pr_HadGEM3_GC31_LL_ssp585_v2_wcs,1956,25811787744,25586616800,225170944,1.0088,True,False
cmip6_downscaled_pr_HadGEM3_GC31_MM_ssp126_v2_wcs,1956,25811787744,25586616800,225170944,1.0088,True,False
cmip6_downscaled_pr_HadGEM3_GC31_MM_ssp585_v2_wcs,1956,25811787744,25586616800,225170944,1.0088,True,False
cmip6_downscaled_pr_KACE_1_0_G_ssp126_v2_wcs,1956,25811787744,25586616800,225170944,1.0088,True,False
cmip6_downscaled_pr_KACE_1_0_G_ssp245_v2_wcs,1956,25811787744,25586616800,225170944,1.0088,True,False
cmip6_downscaled_pr_KACE_1_0_G_ssp370_v2_wcs,1956,25811787744,25586616800,225170944,1.0088,True,False
cmip6_downscaled_pr_KACE_1_0_G_ssp585_v2_wcs,1956,25811787744,25586616800,225170944,1.0088,True,False
cmip6_downscaled_pr_MIROC6_ssp126_v2_wcs,1956,25811787744,25586616800,225170944,1.0088,True,False
cmip6_downscaled_pr_MIROC6_ssp245_v2_wcs,1956,25811787744,25586616800,225170944,1.0088,True,False
cmip6_downscaled_pr_MIROC6_ssp370_v2_wcs,1956,25811787744,25586616800,225170944,1.0088,True,False
cmip6_downscaled_pr_MIROC6_ssp585_v2_wcs,1956,25811787744,25586616800,225170944,1.0088,True,False
cmip6_downscaled_pr_MPI_ESM1_2_HR_ssp126_v2_wcs,1956,25811787744,25586616800,225170944,1.0088,True,False
cmip6_downscaled_pr_MPI_ESM1_2_HR_ssp245_v2_wcs,1956,25811787744,25586616800,225170944,1.0088,True,False
cmip6_downscaled_pr_MPI_ESM1_2_HR_ssp370_v2_wcs,1956,25811787744,25586616800,225170944,1.0088,True,False
cmip6_downscaled_pr_MPI_ESM1_2_HR_ssp585_v2_wcs,1956,25811787744,25586616800,225170944,1.0088,True,False
cmip6_downscaled_pr_MRI_ESM2_0_ssp126_v2_wcs,1956,25811787744,25586616800,225170944,1.0088,True,False
cmip6_downscaled_pr_MRI_ESM2_0_ssp245_v2_wcs,1956,25811787744,25586616800,225170944,1.0088,True,False
cmip6_downscaled_pr_MRI_ESM2_0_ssp370_v2_wcs,1956,25811787744,25586616800,225170944,1.0088,True,False
cmip6_downscaled_pr_MRI_ESM2_0_ssp585_v2_wcs,1956,25811787744,25586616800,225170944,1.0088,True,False
cmip6_downscaled_pr_NorESM2_MM_ssp126_v2_wcs,1956,25811787744,25586616800,225170944,1.0088,True,False
cmip6_downscaled_pr_NorESM2_MM_ssp245_v2_wcs,1956,25811787744,25586616800,225170944,1.0088,True,False
cmip6_downscaled_pr_NorESM2_MM_ssp370_v2_wcs,1956,25811787744,25586616800,225170944,1.0088,True,False
cmip6_downscaled_pr_NorESM2_MM_ssp585_v2_wcs,1956,25811787744,25586616800,225170944,1.0088,True,False
cmip6_downscaled_pr_TaiESM1_ssp126_v2_wcs,1956,25811787744,25586616800,225170944,1.0088,True,False
cmip6_downscaled_pr_TaiESM1_ssp245_v2_wcs,1956,25811787744,25586616800,225170944,1.0088,True,False
cmip6_downscaled_pr_TaiESM1_ssp370_v2_wcs,1956,25811787744,25586616800,225170944,1.0088,True,False
cmip6_downscaled_pr_TaiESM1_ssp585_v2_wcs,1956,25811787744,25586616800,225170944,1.0088,True,False
cmip6_downscaled_tasmax_7ModelAvg_ssp126_v2_wcs,1956,25811787744,25586616800,225170944,1.0088,True,False
cmip6_downscaled_tasmax_7ModelAvg_ssp245_v2_wcs,1956,25811787744,25586616800,225170944,1.0088,True,False
cmip6_downscaled_tasmax_7ModelAvg_ssp370_v2_wcs,1956,25811787744,25586616800,225170944,1.0088,True,False
cmip6_downscaled_tasmax_7ModelAvg_ssp585_v2_wcs,1956,25811787744,25586616800,225170944,1.0088,True,False
cmip6_downscaled_tasmax_CNRM_CM6_1_HR_ssp126_v2_wcs,1956,25811787744,25586616800,225170944,1.0088,True,False
cmip6_downscaled_tasmax_CNRM_CM6_1_HR_ssp585_v2_wcs,1956,25811787744,25586616800,225170944,1.0088,True,False
cmip6_downscaled_tasmax_E3SM_2_0_ssp370_v2_wcs,1956,25811787744,25586616800,225170944,1.0088,True,False
cmip6_downscaled_tasmax_EC_Earth3_Veg_ssp370_v2_wcs,1956,25811787744,25586616800,225170944,1.0088,True,False
cmip6_downscaled_tasmax_EC_Earth3_Veg_ssp585_v2_wcs,1956,25811787744,25586616800,225170944,1.0088,True,False
cmip6_downscaled_tasmax_GFDL_ESM4_ssp126_v2_wcs,1956,25811787744,25586616800,225170944,1.0088,True,False
cmip6_downscaled_tasmax_GFDL_ESM4_ssp245_v2_wcs,1956,25811787744,25586616800,225170944,1.0088,True,False
cmip6_downscaled_tasmax_GFDL_ESM4_ssp370_v2_wcs,1956,25811787744,25586616800,225170944,1.0088,True,False
cmip6_downscaled_tasmax_GFDL_ESM4_ssp585_v2_wcs,1956,25811787744,25586616800,225170944,1.0088,True,False
cmip6_downscaled_tasmax_HadGEM3_GC31_LL_ssp126_v2_wcs,1956,25811787744,25586616800,225170944,1.0088,True,False
cmip6_downscaled_tasmax_HadGEM3_GC31_LL_ssp245_v2_wcs,1956,25811787744,25586616800,225170944,1.0088,True,False
cmip6_downscaled_tasmax_HadGEM3_GC31_LL_ssp585_v2_wcs,1956,25811787744,25586616800,225170944,1.0088,True,False
cmip6_downscaled_tasmax_HadGEM3_GC31_MM_ssp126_v2_wcs,1956,25811787744,25586616800,225170944,1.0088,True,False
cmip6_downscaled_tasmax_HadGEM3_GC31_MM_ssp585_v2_wcs,1956,25811787744,25586616800,225170944,1.0088,True,False
cmip6_downscaled_tasmax_KACE_1_0_G_ssp126_v2_wcs,1956,25811787744,25586616800,225170944,1.0088,True,False
cmip6_downscaled_tasmax_KACE_1_0_G_ssp245_v2_wcs,1956,25811787744,25586616800,225170944,1.0088,True,False
cmip6_downscaled_tasmax_KACE_1_0_G_ssp370_v2_wcs,1956,25811787744,25586616800,225170944,1.0088,True,False
cmip6_downscaled_tasmax_KACE_1_0_G_ssp585_v2_wcs,1956,25811787744,25586616800,225170944,1.0088,True,False
cmip6_downscaled_tasmax_MIROC6_ssp126_v2_wcs,1956,25811787744,25586616800,225170944,1.0088,True,False
cmip6_downscaled_tasmax_MIROC6_ssp245_v2_wcs,1956,25811787744,25586616800,225170944,1.0088,True,False
cmip6_downscaled_tasmax_MIROC6_ssp370_v2_wcs,1956,25811787744,25586616800,225170944,1.0088,True,False
cmip6_downscaled_tasmax_MIROC6_ssp585_v2_wcs,1956,25811787744,25586616800,225170944,1.0088,True,False
cmip6_downscaled_tasmax_MPI_ESM1_2_HR_ssp126_v2_wcs,1956,25811787744,25586616800,225170944,1.0088,True,False
cmip6_downscaled_tasmax_MPI_ESM1_2_HR_ssp245_v2_wcs,1956,25811787744,25586616800,225170944,1.0088,True,False
cmip6_downscaled_tasmax_MPI_ESM1_2_HR_ssp370_v2_wcs,1956,25811787744,25586616800,225170944,1.0088,True,False
cmip6_downscaled_tasmax_MPI_ESM1_2_HR_ssp585_v2_wcs,1956,25811787744,25586616800,225170944,1.0088,True,False
cmip6_downscaled_tasmax_MRI_ESM2_0_ssp126_v2_wcs,1956,25811787744,25586616800,225170944,1.0088,True,False
cmip6_downscaled_tasmax_MRI_ESM2_0_ssp245_v2_wcs,1956,25811787744,25586616800,225170944,1.0088,True,False
cmip6_downscaled_tasmax_MRI_ESM2_0_ssp370_v2_wcs,1956,25811787744,25586616800,225170944,1.0088,True,False
cmip6_downscaled_tasmax_MRI_ESM2_0_ssp585_v2_wcs,1956,25811787744,25586616800,225170944,1.0088,True,False
cmip6_downscaled_tasmax_NorESM2_MM_ssp126_v2_wcs,1956,25811787744,25586616800,225170944,1.0088,True,False
cmip6_downscaled_tasmax_NorESM2_MM_ssp245_v2_wcs,1956,25811787744,25586616800,225170944,1.0088,True,False
cmip6_downscaled_tasmax_NorESM2_MM_ssp370_v2_wcs,1956,25811787744,25586616800,225170944,1.0088,True,False
cmip6_downscaled_tasmax_NorESM2_MM_ssp585_v2_wcs,1956,25811787744,25586616800,225170944,1.0088,True,False
cmip6_downscaled_tasmax_TaiESM1_ssp126_v2_wcs,1956,25811787744,25586616800,225170944,1.0088,True,False
cmip6_downscaled_tasmax_TaiESM1_ssp245_v2_wcs,1956,25811787744,25586616800,225170944,1.0088,True,False
cmip6_downscaled_tasmax_TaiESM1_ssp370_v2_wcs,1956,25811787744,25586616800,225170944,1.0088,True,False
cmip6_downscaled_tasmax_TaiESM1_ssp585_v2_wcs,1956,25811787744,25586616800,225170944,1.0088,True,False
cmip6_downscaled_tasmin_7ModelAvg_ssp126_v2_wcs,1956,25811787744,25586616800,225170944,1.0088,True,False
cmip6_downscaled_tasmin_7ModelAvg_ssp245_v2_wcs,1956,25811787744,25586616800,225170944,1.0088,True,False
cmip6_downscaled_tasmin_7ModelAvg_ssp370_v2_wcs,1956,25811787744,25586616800,225170944,1.0088,True,False
cmip6_downscaled_tasmin_7ModelAvg_ssp585_v2_wcs,1956,25811787744,25586616800,225170944,1.0088,True,False
cmip6_downscaled_tasmin_CNRM_CM6_1_HR_ssp126_v2_wcs,1956,25811787744,25586616800,225170944,1.0088,True,False
cmip6_downscaled_tasmin_CNRM_CM6_1_HR_ssp585_v2_wcs,1956,25811787744,25586616800,225170944,1.0088,True,False
cmip6_downscaled_tasmin_E3SM_2_0_ssp370_v2_wcs,1956,25811787744,25586616800,225170944,1.0088,True,False
cmip6_downscaled_tasmin_EC_Earth3_Veg_ssp370_v2_wcs,1956,25811787744,25586616800,225170944,1.0088,True,False
cmip6_downscaled_tasmin_EC_Earth3_Veg_ssp585_v2_wcs,1956,25811787744,25586616800,225170944,1.0088,True,False
cmip6_downscaled_tasmin_GFDL_ESM4_ssp126_v2_wcs,1956,25811787744,25586616800,225170944,1.0088,True,False
cmip6_downscaled_tasmin_GFDL_ESM4_ssp245_v2_wcs,1956,25811787744,25586616800,225170944,1.0088,True,False
cmip6_downscaled_tasmin_GFDL_ESM4_ssp370_v2_wcs,1956,25811787744,25586616800,225170944,1.0088,True,False
cmip6_downscaled_tasmin_GFDL_ESM4_ssp585_v2_wcs,1956,25811787744,25586616800,225170944,1.0088,True,False
cmip6_downscaled_tasmin_HadGEM3_GC31_LL_ssp126_v2_wcs,1956,25811787744,25586616800,225170944,1.0088,True,False
cmip6_downscaled_tasmin_HadGEM3_GC31_LL_ssp245_v2_wcs,1956,25811787744,25586616800,225170944,1.0088,True,False
cmip6_downscaled_tasmin_HadGEM3_GC31_LL_ssp585_v2_wcs,1956,25811787744,25586616800,225170944,1.0088,True,False
cmip6_downscaled_tasmin_HadGEM3_GC31_MM_ssp126_v2_wcs,1956,25811787744,25586616800,225170944,1.0088,True,False
cmip6_downscaled_tasmin_HadGEM3_GC31_MM_ssp585_v2_wcs,1956,25811787744,25586616800,225170944,1.0088,True,False
cmip6_downscaled_tasmin_KACE_1_0_G_ssp126_v2_wcs,1956,25811787744,25586616800,225170944,1.0088,True,False
cmip6_downscaled_tasmin_KACE_1_0_G_ssp245_v2_wcs,1956,25811787744,25586616800,225170944,1.0088,True,False
cmip6_downscaled_tasmin_KACE_1_0_G_ssp370_v2_wcs,1956,25811787744,25586616800,225170944,1.0088,True,False
cmip6_downscaled_tasmin_KACE_1_0_G_ssp585_v2_wcs,1956,25811787744,25586616800,225170944,1.0088,True,False
cmip6_downscaled_tasmin_MIROC6_ssp126_v2_wcs,1956,25811787744,25586616800,225170944,1.0088,True,False
cmip6_downscaled_tasmin_MIROC6_ssp245_v2_wcs,1956,25811787744,25586616800,225170944,1.0088,True,False
cmip6_downscaled_tasmin_MIROC6_ssp370_v2_wcs,1956,25811787744,25586616800,225170944,1.0088,True,False
cmip6_downscaled_tasmin_MIROC6_ssp585_v2_wcs,1956,25811787744,25586616800,225170944,1.0088,True,False
cmip6_downscaled_tasmin_MPI_ESM1_2_HR_ssp126_v2_wcs,1956,25811787744,25586616800,225170944,1.0088,True,False
cmip6_downscaled_tasmin_MPI_ESM1_2_HR_ssp245_v2_wcs,1956,25811787744,25586616800,225170944,1.0088,True,False
cmip6_downscaled_tasmin_MPI_ESM1_2_HR_ssp370_v2_wcs,1956,25811787744,25586616800,225170944,1.0088,True,False
cmip6_downscaled_tasmin_MPI_ESM1_2_HR_ssp585_v2_wcs,1956,25811787744,25586616800,225170944,1.0088,True,False
cmip6_downscaled_tasmin_MRI_ESM2_0_ssp126_v2_wcs,1956,25811787744,25586616800,225170944,1.0088,True,False
cmip6_downscaled_tasmin_MRI_ESM2_0_ssp245_v2_wcs,1956,25811787744,25586616800,225170944,1.0088,True,False
cmip6_downscaled_tasmin_MRI_ESM2_0_ssp370_v2_wcs,1956,25811787744,25586616800,225170944,1.0088,True,False
cmip6_downscaled_tasmin_MRI_ESM2_0_ssp585_v2_wcs,1956,25811787744,25586616800,225170944,1.0088,True,False
cmip6_downscaled_tasmin_NorESM2_MM_ssp126_v2_wcs,1956,25811787744,25586616800,225170944,1.0088,True,False
cmip6_downscaled_tasmin_NorESM2_MM_ssp245_v2_wcs,1956,25811787744,25586616800,225170944,1.0088,True,False
cmip6_downscaled_tasmin_NorESM2_MM_ssp370_v2_wcs,1956,25811787744,25586616800,225170944,1.0088,True,False
cmip6_downscaled_tasmin_NorESM2_MM_ssp585_v2_wcs,1956,25811787744,25586616800,225170944,1.0088,True,False
cmip6_downscaled_tasmin_TaiESM1_ssp126_v2_wcs,1956,25811787744,25586616800,225170944,1.0088,True,False
cmip6_downscaled_tasmin_TaiESM1_ssp245_v2_wcs,1956,25811787744,25586616800,225170944,1.0088,True,False
cmip6_downscaled_tasmin_TaiESM1_ssp370_v2_wcs,1956,25811787744,25586616800,225170944,1.0088,True,False
cmip6_downscaled_tasmin_TaiESM1_ssp585_v2_wcs,1956,25811787744,25586616800,225170944,1.0088,True,False
cmip6_downscaled_pr_7ModelAvg_historical_v2_wcs,1222,14990484768,14875940000,114544768,1.0077,True,False
cmip6_downscaled_pr_CESM2_historical_v2_wcs,1222,14990484768,14875940000,114544768,1.0077,True,False
cmip6_downscaled_pr_CNRM_CM6_1_HR_historical_v2_wcs,1222,14990484768,14875940000,114544768,1.0077,True,True
cmip6_downscaled_pr_E3SM_2_0_historical_v2_wcs,1222,14990484768,14875940000,114544768,1.0077,True,False
cmip6_downscaled_pr_EC_Earth3_Veg_historical_v2_wcs,1222,14990484768,14875940000,114544768,1.0077,True,False
cmip6_downscaled_pr_GFDL_ESM4_historical_v2_wcs,1222,14990484768,14875940000,114544768,1.0077,True,False
cmip6_downscaled_pr_HadGEM3_GC31_LL_historical_v2_wcs,1222,14990484768,14875940000,114544768,1.0077,True,False
cmip6_downscaled_pr_HadGEM3_GC31_MM_historical_v2_wcs,1222,14990484768,14875940000,114544768,1.0077,True,False
cmip6_downscaled_pr_KACE_1_0_G_historical_v2_wcs,1222,14990484768,14875940000,114544768,1.0077,True,False
cmip6_downscaled_pr_MIROC6_historical_v2_wcs,1222,14990484768,14875940000,114544768,1.0077,True,False
cmip6_downscaled_pr_MPI_ESM1_2_HR_historical_v2_wcs,1222,14990484768,14875940000,114544768,1.0077,True,False
cmip6_downscaled_pr_MRI_ESM2_0_historical_v2_wcs,1222,14990484768,14875940000,114544768,1.0077,True,False
cmip6_downscaled_pr_NorESM2_MM_historical_v2_wcs,1222,14990484768,14875940000,114544768,1.0077,True,False
cmip6_downscaled_pr_TaiESM1_historical_v2_wcs,1222,14990484768,14875940000,114544768,1.0077,True,False
cmip6_downscaled_tasmax_7ModelAvg_historical_v2_wcs,1222,14990484768,14875940000,114544768,1.0077,True,False
cmip6_downscaled_tasmax_CNRM_CM6_1_HR_historical_v2_wcs,1222,14990484768,14875940000,114544768,1.0077,True,False
cmip6_downscaled_tasmax_E3SM_2_0_historical_v2_wcs,1222,14990484768,14875940000,114544768,1.0077,True,False
cmip6_downscaled_tasmax_EC_Earth3_Veg_historical_v2_wcs,1222,14990484768,14875940000,114544768,1.0077,True,False
cmip6_downscaled_tasmax_GFDL_ESM4_historical_v2_wcs,1222,14990484768,14875940000,114544768,1.0077,True,False
cmip6_downscaled_tasmax_HadGEM3_GC31_LL_historical_v2_wcs,1222,14990484768,14875940000,114544768,1.0077,True,False
cmip6_downscaled_tasmax_HadGEM3_GC31_MM_historical_v2_wcs,1222,14990484768,14875940000,114544768,1.0077,True,False
cmip6_downscaled_tasmax_KACE_1_0_G_historical_v2_wcs,1222,14990484768,14875940000,114544768,1.0077,True,False
cmip6_downscaled_tasmax_MIROC6_historical_v2_wcs,1222,14990484768,14875940000,114544768,1.0077,True,False
cmip6_downscaled_tasmax_MPI_ESM1_2_HR_historical_v2_wcs,1222,14990484768,14875940000,114544768,1.0077,True,False
cmip6_downscaled_tasmax_MRI_ESM2_0_historical_v2_wcs,1222,14990484768,14875940000,114544768,1.0077,True,False
cmip6_downscaled_tasmax_NorESM2_MM_historical_v2_wcs,1222,14990484768,14875940000,114544768,1.0077,True,False
cmip6_downscaled_tasmax_TaiESM1_historical_v2_wcs,1222,14990484768,14875940000,114544768,1.0077,True,False
cmip6_downscaled_tasmin_7ModelAvg_historical_v2_wcs,1222,14990484768,14875940000,114544768,1.0077,True,False
cmip6_downscaled_tasmin_CNRM_CM6_1_HR_historical_v2_wcs,1222,14990484768,14875940000,114544768,1.0077,True,False
cmip6_downscaled_tasmin_E3SM_2_0_historical_v2_wcs,1222,14990484768,14875940000,114544768,1.0077,True,False
cmip6_downscaled_tasmin_EC_Earth3_Veg_historical_v2_wcs,1222,14990484768,14875940000,114544768,1.0077,True,False
cmip6_downscaled_tasmin_GFDL_ESM4_historical_v2_wcs,1222,14990484768,14875940000,114544768,1.0077,True,False
cmip6_downscaled_tasmin_HadGEM3_GC31_LL_historical_v2_wcs,1222,14990484768,14875940000,114544768,1.0077,True,False
cmip6_downscaled_tasmin_HadGEM3_GC31_MM_historical_v2_wcs,1222,14990484768,14875940000,114544768,1.0077,True,False
cmip6_downscaled_tasmin_KACE_1_0_G_historical_v2_wcs,1222,14990484768,14875940000,114544768,1.0077,True,False
cmip6_downscaled_tasmin_MIROC6_historical_v2_wcs,1222,14990484768,14875940000,114544768,1.0077,True,False
cmip6_downscaled_tasmin_MPI_ESM1_2_HR_historical_v2_wcs,1222,14990484768,14875940000,114544768,1.0077,True,False
cmip6_downscaled_tasmin_MRI_ESM2_0_historical_v2_wcs,1222,14990484768,14875940000,114544768,1.0077,True,False
cmip6_downscaled_tasmin_NorESM2_MM_historical_v2_wcs,1222,14990484768,14875940000,114544768,1.0077,True,False
cmip6_downscaled_tasmin_TaiESM1_historical_v2_wcs,1222,14990484768,14875940000,114544768,1.0077,True,False
hydrology,1934,12303119856,12270182400,32937456,1.002684,True,True
piak_collab,27005,112691943936,112679424000,12519936,1.000111,True,True
ardac_beaufort_daily_slie,124762,491787155424,491753671200,33484224,1.000068,True,True
tas_2km_historical,15183,63206205408,63202034880,4170528,1.000066,True,True
tas_2km_projected,75244,313270600896,313262259840,8341056,1.000027,True,True
ardac_chukchi_daily_slie,145696,599736768960,599728389120,8379840,1.000014,True,True
air_freezing_index_Fdays,333,1278144000,1278144000,0,1.0,False,True
air_thawing_index_Fdays,333,1278144000,1278144000,0,1.0,False,True
ak_hydro_segments_doy_climatology,34346,2111866848,2111866848,0,1.0,False,False
ak_hydro_segments_doy_climatology_no_spinup,34346,2111866848,2111866848,0,1.0,False,False
ak_hydro_segments_doy_wt_climatology,34208,2103381504,2103381504,0,1.0,False,False
ak_hydro_segments_mhit_stats_combined,120211,1070358744,1070358744,0,1.0,False,True
ak_hydro_segments_mhit_stats_combined_blaskey,120211,1070358744,1070358744,0,1.0,False,True
ak_hydro_segments_stats,34346,23080512,23080512,0,1.0,False,False
ak_hydro_segments_stats_combined,120211,262540824,262540824,0,1.0,False,True
ak_hydro_segments_wt_stats,119728,885029376,885029376,0,1.0,False,True
ak_hydro_segments_wt_stats_blaskey,119728,885029376,885029376,0,1.0,False,True
ardac_beaufort_landfast_sea_ice_mmm,274,946044000,946044000,0,1.0,False,False
berkeley_earth_25,1051,1198174208,1198174208,0,1.0,False,False
cmip6_downscaled_tasmax_v2_wms_test,1,4,4,0,1.0,False,False
conus_hydro_segments_doy_climatology,56460,138864499200,138864499200,0,1.0,False,False
conus_hydro_segments_doy_climatology_dynamic_historical,56460,3471612480,3471612480,0,1.0,False,False
conus_hydro_segments_doy_climatology_dynamic_projected,56460,41659349760,41659349760,0,1.0,False,False
conus_hydro_segments_doy_climatology_static_historical,56460,3471612480,3471612480,0,1.0,False,False
conus_hydro_segments_doy_climatology_static_projected,56460,41659349760,41659349760,0,1.0,False,False
conus_hydro_segments_jp_test,56460,2701046400,2701046400,0,1.0,False,True
conus_hydro_segments_jp_test_insitu,56460,2701046400,2701046400,0,1.0,False,True
conus_hydro_segments_stats,56460,6576460800,6576460800,0,1.0,False,False
conus_hydro_segments_stats_diff,56460,6576460800,6576460800,0,1.0,False,True
crrel_gipl_outputs_nc_regular_1_test,1200,255373488000,255373488000,0,1.0,False,True
crrel_gipl_outputs_nc_regular_2_test,14400,131553216000,131553216000,0,1.0,False,True
degree_days_below_zero_Fdays,333,1278144000,1278144000,0,1.0,False,True
drought_indicators_30day,5,3881556,3881556,0,1.0,False,False
era5_4km_daily_rainnc_sum,4678,19011233280,19011233280,0,1.0,False,True
era5_4km_daily_rh2_max,4678,19011233280,19011233280,0,1.0,False,True
era5_4km_daily_rh2_mean,4678,19011233280,19011233280,0,1.0,False,True
era5_4km_daily_rh2_min,4678,19011233280,19011233280,0,1.0,False,True
era5_4km_daily_seaice_max,4678,19011233280,19011233280,0,1.0,False,True
era5_4km_daily_t2_max,4678,19011233280,19011233280,0,1.0,False,True
era5_4km_daily_t2_mean,4678,19011233280,19011233280,0,1.0,False,True
era5_4km_daily_t2_min,4678,19011233280,19011233280,0,1.0,False,True
era5_4km_daily_wdir10_mean,4678,19011233280,19011233280,0,1.0,False,True
era5_4km_daily_wspd10_max,4678,19011233280,19011233280,0,1.0,False,True
era5_4km_daily_wspd10_mean,4678,19011233280,19011233280,0,1.0,False,True
era5_4km_elevation,21,813280,813280,0,1.0,False,True
heating_degree_days_Fdays,333,1278144000,1278144000,0,1.0,False,True
hsia_arctic_production,4227,689800320,689800320,0,1.0,False,False
hydro_dh3_test,132,457396160,457396160,0,1.0,False,True
temperature_anomaly_baselines,6,11831040,11831040,0,1.0,False,True
ardac_chukchi_landfast_sea_ice_mmm,361,1172606848,1173177600,-570752,0.999513,False,False
alfresco_vegetation_mode_statistic,11777,2880404800,2943360000,-62955200,0.978611,False,False
alfresco_vegetation_type_percentage,98846,24426836464,26490240000,-2063403536,0.922107,False,False
alfresco_relative_flammability_30yr,14333,3513460528,4292400000,-778939472,0.818531,False,False
mean_annual_snowfall_mm,50779,14415888132,22209815616,-7793927484,0.649077,False,False
mean_annual_dtr,222,18469440,30474576,-12005136,0.606061,False,False
wet_days_per_year,222,9234720,15237288,-6002568,0.606061,False,False
design_freezing_index,7,209880,377784,-167904,0.555556,False,False
design_thawing_index,7,209880,377784,-167904,0.555556,False,False
cmip6_downscaled_pr_v2_wms,6,3260480,6520960,-3260480,0.5,False,False
cmip6_downscaled_pr_wms,6,3260480,6520960,-3260480,0.5,False,False
cmip6_downscaled_tasmax_v2_wms,6,3260480,6520960,-3260480,0.5,False,False
cmip6_downscaled_tasmax_wms,6,3260480,6520960,-3260480,0.5,False,False
cmip6_downscaled_tasmin_v2_wms,6,3260480,6520960,-3260480,0.5,False,False
cmip6_downscaled_tasmin_wms,6,3260480,6520960,-3260480,0.5,False,False
beetle_risk,52,2233100,5359440,-3126340,0.416667,False,False
jan_min_max_mean_temp,246423,43368110292,124128547200,-80760436908,0.349381,False,True
july_min_max_mean_temp,246423,43368110292,124128547200,-80760436908,0.349381,False,True
annual_mean_temp,78520,13808147196,41376182400,-27568035204,0.333722,False,True
ncar12km_indicators_era_summaries,598,84624128,253870848,-169246720,0.333335,False,False
annual_precip_totals_mm,83997,15137572000,45438848000,-30301276000,0.333142,False,True
